ANO,PESQUISADOR,TIPO,DESCRIÇÃO
2022,Rodrigo Prudente de Melo,Qualificação de Mestrado,"GARCIA, P. M. P.; XAVIER, R. P.; MELO, R. P.. Participação em banca de Mariana Benedett Malheiros. 3D Implicit modeling and metallogeny of the Lavrinha, Nosde and Japonês gold deposits, Alto Guaporé Province, Amazon Craton, Brazil. 2022. Exame de qualificação (Mestrando em Geologia) - Universidade Federal de Mato Grosso."
2024,Rodrigo Prudente de Melo,TCC,"FUMES, R. A.; LUVIZOTTO, G. L.; MELO, R. P.. Participação em banca de Emily Amanda Salvioni.Modelagem termodinâmica iterativa da unidade de Santo Antônio na região de Campanha - MG. 2024. Trabalho de Conclusão de Curso (Graduação em Geologia) - Universidade Estadual Paulista Júlio de Mesquita Filho."
2024,Rodrigo Prudente de Melo,TCC,"MELO, R. P.; RODRIGUES, V. G.; LEITE, W. B.. Participação em banca de Flavia Pereira Ribeiro.Caracterização mineralógica das das argilas presentes no perfil regolítico dos depósitos supergênicos de ETR Soberbo e Capão do Mel (Sistema Caldeira). 2024. Trabalho de Conclusão de Curso (Graduação em Geologia) - Universidade Estadual Paulista Júlio de Mesquita Filho."
2024,Rodrigo Prudente de Melo,TCC,"MELO, R. P.; RODRIGUES, V. G.; SOUZA, I. A.. Participação em banca de Luca Maule Penteado Sanches.Caracterização mineralógica e petrográfica do depósito de ouro filoneano Poço da Sociedade, Anicuns (GO). 2024. Trabalho de Conclusão de Curso (Graduação em Geologia) - Universidade Estadual Paulista Júlio de Mesquita Filho."
2024,Rodrigo Prudente de Melo,TCC,"MELO, R. P.; RODRIGUES, V. G.; LEITE, W. B.. Participação em banca de Victor Hugo Martins Cruz.Mineralogia e caracterização petrográfica das rochas alcalinas associadas aos depósitos supergênicos de Elementos Terras Raras (ETR) Capão do Mel e Soberbo - Maciço Alcalino de Poços de Caldas, MG. 2024. Trabalho de Conclusão de Curso (Graduação em Geologia) - Universidade Estadual Paulista Júlio de Mesquita Filho."
2023,Rodrigo Prudente de Melo,TCC,"GODOY, Antonio Misson de; LEITE, W. B.; MELO, R. P.. Participação em banca de Jeferson Silva das Virgens.Caracterização Petrográfica e Litogeoquímica do Corpo Metaultramáfico da Serra do Jacaré. 2023. Trabalho de Conclusão de Curso (Graduação em Geologia) - Universidade Estadual Paulista Júlio de Mesquita Filho."
2023,Rodrigo Prudente de Melo,TCC,"OKUBO, J.; MELO, R. P.; CAETANO FILHO, S.. Participação em banca de Thaís Cerqueira Santos.Caracterização petrográfica e isotópica das rochas carbonáticas da Formação Irati sob influência do Magmatismo Serra Geral. 2023. Trabalho de Conclusão de Curso (Graduação em Geologia) - Universidade Estadual Paulista Júlio de Mesquita Filho."
2023,Rodrigo Prudente de Melo,TCC,"ZAINE, J. E.; MELO, R. P.; STEFANUTO, E.. Participação em banca de Rafael Jacobina Longatto.Análise geotécnica e temporal da voçoroca da Bacia Hidrográfica do Córrego Santo Antônio - Mogi Mirim (SP). 2023. Trabalho de Conclusão de Curso (Graduação em Geologia) - Universidade Estadual Paulista Júlio de Mesquita Filho."
2022,Rodrigo Prudente de Melo,TCC,"MELO, R. P.; NOGUEIRA NETO, J. A.; SILVA FILHO, C. V. R.. Participação em banca de Jordanna Brenda Ferreira de Souza.Mapeamento Geológico-Estrutural da Área Adjacente a Mina Maria Lázara, Município de Guarinos (GO). 2022. Trabalho de Conclusão de Curso (Graduação em Geologia) - Universidade Federal de Goiás."
2021,Rodrigo Prudente de Melo,TCC,"FARIAS, V.; BROD, J. A.; MELO, R. P.. Participação em banca de Lucas Portes Ramos e Davi Resende Messias.Relatório Final do Mapeamento Geológico 1:50 000 da região de Anicuns (GO) - Área 4. 2021. Trabalho de Conclusão de Curso (Graduação em Geologia) - Universidade Federal de Goiás."
2024,Rodrigo Prudente de Melo,Outros,"MELO, R. P.; FRASCA, A. A.; FONSECA, G. M.. Concurso Público para Professor Efetivo (Processo n° 23070.039217/2023-86). Área Petrologia Metamórfica e Mapeamento Geológico. 2024. Universidade Federal de Goiás."
2024,Rodrigo Irineu Cerri,Qualificação de Doutorado,"LUVIZOTTO, G. L.; CERRI, R.I.; WARREN, L.V.. Participação em banca de Nayara de Macedo dos Santos. Caracterização tectonossedimentar de bacias de transição do sudeste brasileiro e correlações com a evolução tardia dos Orógenos Brasília e Ribeira. 2024. Exame de qualificação (Doutorando em Programa de Pós-Graduação em Geociências e Meio Ambiente) - Universidade Estadual Paulista ""Júlio de Mesquita Filho""."
2024,Rodrigo Irineu Cerri,TCC,"CERRI, R. I.; WARREN, L. V.; CHRISTOFOLETTI, B.. Participação em banca de Thomas Pessotto Bremer.Análise geoquímica sistemática de elementos traço em rutilo detrítico de arenitos das bacias sedimentares de Fátima, Mirandiba e São João do Belmonte, para determinação e refinamento da proveniência sedimentar e áreas fonte. 2024. Trabalho de Conclusão de Curso (Graduação em Geologia) - Universidade Estadual Paulista ""Júlio de Mesquita Filho""."
2024,Rodrigo Irineu Cerri,TCC,"LUVIZOTTO, G. L.; CERRI, R. I.; CLEMENCE JUNIOR, G. W.. Participação em banca de João Victor Campos Silva.Caracterização da temperatura de metamorfismo das rochas do Supergrupo Minas na região de Passa Tempo - MG. 2024. Trabalho de Conclusão de Curso (Graduação em Geologia) - Universidade Estadual Paulista ""Júlio de Mesquita Filho""."
2024,Rodrigo Irineu Cerri,TCC,"LUVIZOTTO, G. L.; CERRI, R. I.; CAETANO FILHO, S.. Participação em banca de Nathalia Alves Weigel de Araujo.Proveniência Sedimentar e Geocronologia da Bacia de Castro. 2024. Trabalho de Conclusão de Curso (Graduação em Geologia) - Universidade Estadual Paulista ""Júlio de Mesquita Filho""."
2023,Rodrigo Irineu Cerri,TCC,"ALESSANDRETTI, L.; PLANTZ, J. B.; CERRI, R.I.. Participação em banca de Leandro Gustavo da Silva.Análise de fácies, proveniência e diagênese da Formação Botucatu entre Araguari e Uberlândia, Minas Gerais (NE da Bacia do Paraná). 2023. Trabalho de Conclusão de Curso (Graduação em Geologia) - Universidade Federal de Uberlândia."
2023,Rodrigo Irineu Cerri,TCC,"WARREN, L. V.; ALESSANDRETTI, L.; CERRI, R.I.. Participação em banca de Beatriz Stenico Correr.Geocronologia da passagem Ediacarano-Cambriano na Formação Tamengo, Grupo Corumbá. 2023. Trabalho de Conclusão de Curso (Graduação em Geologia) - Universidade Estadual Paulista ""Júlio de Mesquita Filho""."
2024,Lucas Verissimo Warren,Mestrado,"WARREN, L.V.; RICCOMINI, C.; LAVINA, E.. Participação em banca de Beatriz Christofoletti. ANÁLISE DE SISTEMAS DEPOSICIONAIS NÃO CONVENCIONAIS: EVOLUÇÃO SEDIMENTAR DA FORMAÇÃO CORUMBATAÍ, PERMIANO SUPERIOR DA BACIA DO PARANÁ. 2024. Dissertação (Mestrado em Geociências e Meio Ambiente) - Universidade Estadual Paulista Júlio de Mesquita Filho."
2022,Lucas Verissimo Warren,Mestrado,"WARREN, L.V.; UHLEIN, G. J.; NOGUEIRA, A. C. R.. Participação em banca de Gabriel Corrêa Antunes. Definindo a passagem Ediacarano-Cambriano no SW do Supercontinente Gondwana: análise geoquímica de alta resolução da Formação Tagatiya Guazu, Grupo Itapucumi, PY. 2022. Dissertação (Mestrado em Geociências e Meio Ambiente) - Universidade Estadual Paulista Júlio de Mesquita Filho."
2021,Lucas Verissimo Warren,Mestrado,"QUAGGIO, C. S.; GASTMANS, D.; MARTINS , V. T. S.; WARREN, L.V.. Participação em banca de Carolina Stager Quaggio. VARIAÇÕES NAS RAZÕES ISOTÓPICAS 87Sr/86Sr NAS ÁGUAS SUBTERRÂNEAS DA PORÇÃO NORTE DO SISTEMA AQUÍFERO GUARANI. 2021. Dissertação (Mestrado em Geociências e Meio Ambiente) - Universidade Estadual Paulista Júlio de Mesquita Filho."
2021,Lucas Verissimo Warren,Mestrado,"UHLEIN, A.; WARREN, L.V.; DANDERFER, A.. Participação em banca de Samuel Amaral Moura Silva. ESTRATIGRAFIA DE SEQUÊNCIAS DE ALTA RESOLUÇÃO E EVOLUÇÃO PALEOAMBIENTAL DOS CARBONATOS DE ÁGUA RASA DA FORMAÇÃO LAGOA DO JACARÉ (EDIACARANO-CAMBRIANO), GRUPO BAMBUÍ,BRASIL-MG. 2021. Dissertação (Mestrado em Geologia) - Universidade Federal de Minas Gerais."
2020,Lucas Verissimo Warren,Mestrado,"SIMOES, M. G.; WARREN, L.V.; ANELLI, L.E.. Participação em banca de Mariza Gomes Rodrigues. Bivalves Bakevelliidae da Formação Romualdo (Andar Alagoas, Cretáceo Inferior), Bacia do Araripe, NE Brasil: Significado Paleoambiental e Paleogeográfico. 2020. Dissertação (Mestrado em Geociências e Meio Ambiente) - Universidade Estadual Paulista Júlio de Mesquita Filho."
2024,Lucas Verissimo Warren,Doutorado,"WARREN, L.V.; SCHERER, C. M. S.; RODRIGUES, A. G.; CAGLIARI, J.. Participação em banca de Monica Oliveira MAnna. ARQUITETURA DEPOSICIONAL E PADRÕES DE PREENCHIMENTO DE BACIAS ENDORREICAS: ESTUDO DE CASO DA FORMAÇÃO RIO DO RASTO, BACIA DO PARANÁ, BRASIL, E DA FORMAÇÃO YAGUARÍ, BACIA DO NORTE, URUGUAI. 2024. Tese (Doutorado em Programa de Pós-Graduação em Geociências) - Universidade Federal do Rio Grande do Sul."
2023,Lucas Verissimo Warren,Doutorado,"WARREN, L.V.; NETTO, R. G.; FAIRCHILD, T. R.; SIMOES, M. G.; PACHECO, M. L. F.. Participação em banca de lucas inglez. PALEONTOLOGIA DA PASSAGEM EDIACARANO-CAMBRIANO NA FORMAÇÃO TAGATIYA GUAZÚ, GRUPO ITAPUCUMI (GONDWANA OCIDENTAL), NE DO PARAGUAI. 2023. Tese (Doutorado em Geociências e Meio Ambiente) - Universidade Estadual Paulista Júlio de Mesquita Filho."
2022,Lucas Verissimo Warren,Doutorado,"WARREN, L.V.; BEUKES, N. J.. Participação em banca de Laura Jeffrey. SOURCE TERRAINS OF SOUTHERN AFRICAN KAROO-AGED BASINS AS DETERMINED FROM DETRITAL ZIRCON AGE STUDIES AND A COMPARISON WITH CORRELATIVE UNITS IN SOUTH AMERICA AND INDIA IN CONTEXT OF GONDWANA RECONSTRUCTIONS. 2022. Tese (Doutorado em Geology) - University of Johannesburg."
2022,Lucas Verissimo Warren,Doutorado,"PERINOTTO, J. A. J.; WARREN, L.V.; VINCENTELLI, M. G. C.; MORALES, E. J.; SCARDIA, G.. Participação em banca de RODRIGO NOVO REAL. Avaliação do potencial gerador de hidrocarbonetos na Bacia de Punta Del Este (Offshore do Uruguai). 2022. Tese (Doutorado em Geociências e Meio Ambiente) - Universidade Estadual Paulista Júlio de Mesquita Filho."
2021,Lucas Verissimo Warren,Doutorado,"MORALES, N.; SCARDIA, G.; WARREN, L.V.; MAGNAVITA, L.; FETTER, M.. Participação em banca de Milena Cristina Rosa. Evolução tectono-sedimentar da fase rifte da Bacia do Araripe, nordeste do Brasil. 2021. Tese (Doutorado em Geociencias (Geociencias e Meio-Ambiente)) - Universidade Estadual Paulista Júlio de Mesquita Filho."
2024,Lucas Verissimo Warren,Qualificação de Doutorado,"Luvizotto, G.L.; WARREN, L.V.; CERRI, R. I.. Participação em banca de Nayara de Macedo dos Santos. Caracterização tectonossedimentar das bacias de transição do sudeste brasiliero e correlações com a evolução tardia dos orógenos Brasília e Ribeira. 2024. Exame de qualificação (Doutorando em Geociências e Meio Ambiente) - Universidade Estadual Paulista Júlio de Mesquita Filho."
2022,Lucas Verissimo Warren,Qualificação de Doutorado,"WARREN, L. V.; SIMOES, M. G.; NETTO, R. G.. Participação em banca de Lucas Inglez. PALEONTOLOGIA DA PASSAGEM EDIACARANO-CAMBRIANO NA FORMAÇÃO TAGATIYA GUAZÚ, GRUPO ITAPUCUMI (GONDWANA OCIDENTAL), NE DO PARAGUAI. 2022. Exame de qualificação (Doutorando em Geociências e Meio Ambiente) - Universidade Estadual Paulista Júlio de Mesquita Filho."
2021,Lucas Verissimo Warren,Qualificação de Doutorado,"NASCIMENTO, D. L.; WARREN, L.V.; BATEZELLI, A.; FERNANDES, M. A.; ZABINI, C.. Participação em banca de Diego Luciano do Nascimento. PALEOICNOLOGIA DE INVERTEBRADOS COMO FERRAMENTA PARA RECONSTITUIÇÃO PALEOAMBIENTAL E PALEOECOLÓGICA: EXEMPLOS DO CRETÁCEO DO BRASIL. 2021. Exame de qualificação (Doutorando em Programa de Pós Graduação em Geociências) - Universidade Estadual de Campinas."
2020,Lucas Verissimo Warren,Qualificação de Doutorado,"WARREN, L.V.; RICCOMINI, C.; ALESSANDRETTI, L.. Participação em banca de Rodrigo Irineu Cerri. Gênese da tectonossequência Jaibaras (Ediacarano ? Ordoviciano) e sua herança na sedimentação da sequência Serra Grande (Ordoviciano ? Siluriano), borda nordeste da Bacia do Parnaíba. 2020. Exame de qualificação (Doutorando em Geociências e Meio Ambiente) - Universidade Estadual Paulista Júlio de Mesquita Filho."
2023,Lucas Verissimo Warren,Qualificação de Mestrado,"WARREN, L.V.; CHRISTOFOLETTI, B.; RICCOMINI, C.; FREITAS, B. T.. Participação em banca de Beatriz Christofoletti. ANÁLISE DE SISTEMAS DEPOSICIONAIS NÃO CONVENCIONAIS: EVOLUÇÃO SEDIMENTAR DA FORMAÇÃO CORUMBATAÍ, PERMIANO SUPERIOR DA BACIA DO PARANÁ. 2023. Exame de qualificação (Mestrando em Geociências e Meio Ambiente) - Universidade Estadual Paulista Júlio de Mesquita Filho."
2021,Lucas Verissimo Warren,Qualificação de Mestrado,"BATEZELLI, A.; MATTOS, N. H. S.; WARREN, L.V.. Participação em banca de Letícia Corrêa. Gênese dos Carbonatos Aptianos do Pré-Sal, Bacia de Santos, Brasil. 2021. Exame de qualificação (Mestrando em Geociências) - Universidade Estadual de Campinas."
2021,Lucas Verissimo Warren,Qualificação de Mestrado,"WARREN, L.V.; VAREJAO, F. G.; UHLEIN, G. J.. Participação em banca de Gabriel Corrêa Antunes. Definindo a passagem Ediacarano-Cambriano no SW do Supercontinente Gondwana: análise geoquímica de alta resolução da Formação Tagatiya Guazu, Grupo Itapucumi, PY. 2021. Exame de qualificação (Mestrando em Geociências e Meio Ambiente) - Universidade Estadual Paulista Júlio de Mesquita Filho."
2020,Lucas Verissimo Warren,Qualificação de Mestrado,"QUAGGIO, C. S.; WARREN, L.V.; GASTMANS, D.; MARTINS , V. T. S.. Participação em banca de Carolina Stager Quaggio. VARIAÇÕES NAS RAZÕES ISOTÓPICAS 87Sr/86Sr NAS ÁGUAS SUBTERRÂNEAS DA PORÇÃO NORTE DO SISTEMA AQUÍFERO GUARANI. 2020. Exame de qualificação (Mestrando em Geociências e Meio Ambiente) - Universidade Estadual Paulista Júlio de Mesquita Filho."
2024,Lucas Verissimo Warren,TCC,"BREMER, T. P.; CERRI, R. I.; WARREN, L.V.; CHRISTOFOLETTI, B.. Participação em banca de Nayara de Macedo dos Santos.Análise geoquímica sistemática de elementos traço em rutilo detrítico de arenitos das bacias sedimentares de Fátima, Mirandiba e São José do Belmonte. 2024. Trabalho de Conclusão de Curso (Graduação em Geologia) - Universidade Estadual Paulista Júlio de Mesquita Filho."
2023,Lucas Verissimo Warren,TCC,"WARREN, L.V.; VAREJÃO, F. G.; CAETANO-FILHO, S.. Participação em banca de Rafaela Casonatto Della Coletta.ANÁLISE DE FÁCIES SEDIMENTARES E QUIMIOESTRATIGRAFIA DA FORMAÇÃO TERESINA, GRUPO PASSA DOIS, EM TAGUAÍ ? SP E JOAQUIM TÁVORA ? PR. 2023. Trabalho de Conclusão de Curso (Graduação em Geologia) - Universidade Estadual Paulista Júlio de Mesquita Filho."
2023,Lucas Verissimo Warren,TCC,"VAREJAO, F. G.; WARREN, L.V.; RUDNITZKI, I. D.. Participação em banca de Marcelle Junia Borges Reis.REVISITANDO A CAMADA PORANGABA, PERMIANO DA BACIA DO PARANÁ: CAMADA GUIA OU ASSOCIAÇÃO DE FÁCIES?. 2023. Trabalho de Conclusão de Curso (Graduação em Engenharia Geológica) - Universidade Federal de Ouro Preto."
2023,Lucas Verissimo Warren,TCC,"MORALES, N.; RIFFEL, S. H.; WARREN, L. V.. Participação em banca de Isabela Dall´Acqua.Dobras nas rochas da Fm. Irati em Assistência, Rio Claro i SP. 2023. Trabalho de Conclusão de Curso (Graduação em Geologia) - Universidade Estadual Paulista Júlio de Mesquita Filho."
2023,Lucas Verissimo Warren,TCC,"WARREN, L.V.; CAETANO-FILHO, S.; OKUBO, J.. Participação em banca de Bruna Numeriano da Silva Lima.ANÁLISE DAS RAZÕES ISOTÓPICAS DE 87SR/86SR EM MESOSSAURÍDEOS DO MEMBRO ASSISTÊNCIA DA FORMAÇÃO IRATI ? SP. 2023. Trabalho de Conclusão de Curso (Graduação em Geologia) - Universidade Estadual Paulista Júlio de Mesquita Filho."
2023,Lucas Verissimo Warren,TCC,"WARREN, L.V.; ALESSANDRETTI, L.; CERRI, R. I.. Participação em banca de Beatriz Stenico Correr.GEOCRONOLOGIA DA PASSAGEM EDIACARAN-CAMBRIANO NA FM. TAMENGO, GRUPO CORUMBÁ.. 2023. Trabalho de Conclusão de Curso (Graduação em Geologia) - Universidade Estadual Paulista Júlio de Mesquita Filho."
2023,Lucas Verissimo Warren,TCC,"WARREN, L. V.; ANTUNES, G. C.; CAETANO-FILHO, S.. Participação em banca de Velda Fraga Farah Barros do Nascimento.Análise de fácies sedimentares e quimioestratigrafia da Formação Irati, Grupo Passa Dois, no Estado de São Paulo. 2023. Trabalho de Conclusão de Curso (Graduação em Geologia) - Universidade Estadual Paulista Júlio de Mesquita Filho."
2022,Lucas Verissimo Warren,TCC,"WARREN, L.V.; ALESSANDRETTI, L.; LUVIZOTTO, G. L.. Participação em banca de Beatriz Christofoletti.Análise de proveniência sedimentar da Formação Pirambóia na porção central do Estado de São Paulo: abordagem source-to-sink e caracterização do reservatório. 2022. Trabalho de Conclusão de Curso (Graduação em Geologia) - Universidade Estadual Paulista Júlio de Mesquita Filho."
2022,Lucas Verissimo Warren,TCC,"WARREN, L.V.; MONTEIRO, L. V. S.; LEME, J. M.. Participação em banca de Débora Kátia de Vargas.Micropaleontologia da Formação Sete Lagoas ? Grupo Bambuí: Taxonomia e Paleoecologia. 2022. Trabalho de Conclusão de Curso (Graduação em Geologia) - Instituto de Geociências - USP (São Paulo)."
2023,Lucas Verissimo Warren,Outros,"WARREN, L.V.; RIEDEL, P. S.; ROSOLEN, V. S.. Banca Examinadora do Concurso Público no conjunto de disciplinas ?Sensoriamento Remoto?, ?Topografia? e ?Topografia e Geodésia?. 2023. Universidade Estadual Paulista Júlio de Mesquita Filho."
2020,Lucas Verissimo Warren,Outros,"WARREN, L.V.; ZAINE, J.E; CASTRO, M. C. A. A.. Banca Examinadora de Concurso Publico - disciplinas de Engenharia Ambiental, Geologia de Engenharia e Geologia Ambiental. 2020. Universidade Estadual Paulista Júlio de Mesquita Filho."
2024,Sergio Caetano Filho,Mestrado,"KIANG, C. H.; SANTANNA, L. G.; CAETANO-FILHO, S.. Participação em banca de Ana Carolina Alvas de Costa. Caracterização petrográfica e aspectos diagenéticos da Bacia de São Paulo.. 2024. Dissertação (Mestrado em Pós-Graduação em Geociências e Meio Ambiente) - Instituto de Geociências e Ciências Exatas-UNESP."
2024,Sergio Caetano Filho,Qualificação de Mestrado,"KIANG, C. H.; CAETANO-FILHO, S.; EZAKI, S.. Participação em banca de Ana Carolina Alvas de Costa. Caracterização Petrográfica e Aspectos Diagenéticos da Bacia de São Paulo. 2024. Exame de qualificação (Mestrando em Pós-Graduação em Geociências e Meio Ambiente) - Instituto de Geociências e Ciências Exatas-UNESP."
2024,Sergio Caetano Filho,TCC,"LUVIZOTTO, G. L.; CERRI, R. I.; CAETANO-FILHO, S.. Participação em banca de Nathalia Alves Weigel de Araujo.PROVENIÊNCIA SEDIMENTAR E GEOCRONOLOGIA DA BACIA DE CASTRO. 2024. Trabalho de Conclusão de Curso (Graduação em Geologia) - Instituto de Geociências e Ciências Exatas-UNESP."
2024,Sergio Caetano Filho,TCC,"SCARDIA, G.; CAETANO-FILHO, S.; CARLOS, D. U.. Participação em banca de Renato Francischet Domingos.Magnetoestratigrafia do Testemunho 2-SMC-2-AL, Formação Morro Do Chaves, Bacia Sergipe-Alagoas. 2024. Trabalho de Conclusão de Curso (Graduação em Geologia) - Instituto de Geociências e Ciências Exatas-UNESP."
2024,Sergio Caetano Filho,TCC,"CAETANO-FILHO, S.; OKUBO, J.; ANTUNES, G.C.. Participação em banca de Guilherme Grando.QUIMIOESTRATIGRAFIA ELEMENTAR E ISOTÓPICA EM SUCESSÕES MARINHAS PROFUNDAS DO INTERVALO PLEISTOCENO-HOLOCENO DA BACIA DO ESPÍRITO SANTO. 2024. Trabalho de Conclusão de Curso (Graduação em Geologia) - Instituto de Geociências e Ciências Exatas-UNESP."
2023,Sergio Caetano Filho,TCC,"WARREN, L.V.; CAETANO-FILHO, S.; VAREJAO, F. G.. Participação em banca de Rafaela Casonatto Della Coletta.Análise de fácies sedimentares e quimioestratigrafia da Formação Teresina, Grupo Passa Dois, em Taguaí ? SP e Joaquim Távora ? PR. 2023. Trabalho de Conclusão de Curso (Graduação em Geologia) - Instituto de Geociências e Ciências Exatas-UNESP."
2023,Sergio Caetano Filho,TCC,"OKUBO, J.; MELO, R. P.; CAETANO-FILHO, S.. Participação em banca de Thaís Cerqueira Santos.Caracterização Petrográfica e isotópica das rochas carbonáticas da Formação Irati sob influência do Magmatismo Serra Geral. 2023. Trabalho de Conclusão de Curso (Graduação em Geologia) - Instituto de Geociências e Ciências Exatas-UNESP."
2023,Sergio Caetano Filho,TCC,"WARREN, L.V.; CAETANO-FILHO, SERGIO; ANTUNES, G.C.. Participação em banca de Velda Fraga Farah Barros do Nascimento.Análise de fácies sedimentares e quimioestratigrafia da Formação Irati, Grupo Passa Dois, no Estado de São Paulo. 2023. Trabalho de Conclusão de Curso (Graduação em Geologia) - Instituto de Geociências e Ciências Exatas-UNESP."
2023,Sergio Caetano Filho,TCC,"WARREN, L.V.; CAETANO-FILHO, SERGIO; OKUBO, J.. Participação em banca de Bruna Numeriano da Silva Lima.Análise das razões isotópicas de 87Sr/86Sr em mesossaurídeos do Membro Assistência da Formação Irati - SP. 2023. Trabalho de Conclusão de Curso (Graduação em Geologia) - Instituto de Geociências e Ciências Exatas-UNESP."
2023,Sergio Caetano Filho,TCC,"CAETANO-FILHO, SERGIO; OKUBO, J.; ROSA, M. C.. Participação em banca de Alexandre Grohmann Borsio.Quimioestratigrafia de depósitos marinhos profundos pleistocênicos-holocênicos como suporte à correlação de depósitos turbidíticos. 2023. Trabalho de Conclusão de Curso (Graduação em Geologia) - Instituto de Geociências e Ciências Exatas-UNESP."
2023,Sergio Caetano Filho,TCC,"OLIVEIRA, S.; RAPOSO, M. I. B.; CAETANO-FILHO, SERGIO. Participação em banca de Michelle de Sousa Nascimento.Análise espacial de fontes emissoras estacionárias de CO2 e de possíveis reservatórios geológicos para CCS na Bacia do Paraná. 2023. Trabalho de Conclusão de Curso (Graduação em Geologia) - Instituto de Geociências - USP."
2023,Sergio Caetano Filho,TCC,"ROHN, R.; SOUZA, I. A.; CAETANO-FILHO, S.. Participação em banca de Priscila Figueiredo Rodrigues.Interpretação da tectônica sindeposicional da Formação Irati na porção leste e nordeste da Bacia do Paraná conforme dados de subsuperfície. 2023. Trabalho de Conclusão de Curso (Graduação em Geologia) - Instituto de Geociências e Ciências Exatas-UNESP."
2022,Sergio Caetano Filho,TCC,"CAETANO-FILHO, S.; BOGGIANI, P.C.; RAPOSO, M. I. B.. Participação em banca de Ivan Pantaleoni Campos Menezes.Petrografia e Geoquímica das Capas Carbonáticas da Formação Puga na Faixa Paraguai Meridional. 2022. Trabalho de Conclusão de Curso (Graduação em Geologia) - Instituto de Geociências - USP."
2022,Sergio Caetano Filho,TCC,"TRINDADE, R.I.F.; CAETANO-FILHO, S.; DAGRELLA-FILHO, M. S.. Participação em banca de Carlos Eduardo Cunha Rodrigues.Utilização de elementos traço para avaliação de influências antrópicas na Laguna del Peña - Uruguai. 2022. Trabalho de Conclusão de Curso (Graduação em Geofísica) - Instituto de Astronomia, Geofísica e Ciências Atmosféricas."
2024,Sergio Caetano Filho,Outros,"PERINOTTO, J. A. J.; PACHECO, M. L. A. F.; CAETANO-FILHO, S.. Professor Substituto - Paleobiologia e Geologia - Departamento de Geologia. 2024. Instituto de Geociências e Ciências Exatas-UNESP."
2021,Chang Hung Kiang,Mestrado,"CHANG, H. K.; TERAMOTO, E.; SILVA, F. P.. Participação em banca de JUAN NAVARRO. Caracterização Petrofísica e Geoquímica de Reservatório Basáltico no Município de Colômbia (SP): Implicações para Captura e Armazenamento de CO2 na Formação Serra Geral. 2021. Dissertação (Mestrado em Geociências e Meio Ambiente) - Universidade Estadual Paulista Júlio de Mesquita Filho."
2022,Chang Hung Kiang,Doutorado,"CHANG, H.K.; VIDAL, A. C.; WEISS, H.; VAN GENUCHTEN, MARTINUS TH.; TERAMOTO, E.. Participação em banca de ROGER DIAS GONÇALVES. Groundwater Modeling and Remote Sensing applied to Water Budget Analysis in Aquifer Systems at different scales. 2022. Tese (Doutorado em Geociências e Meio Ambiente) - Universidade Estadual Paulista Júlio de Mesquita Filho."
2021,Chang Hung Kiang,Doutorado,"CHANG, H.K.; GASTMANS, D.; SANCHEZ-MURILLO, R. A.; BARBE, G. V.; MARTINEZ, D. E.. Participação em banca de ROBERTO EDUARDO KIRCHHEIM. Gases Nobres e Dinâmica Regional do Sistema Aquífero Guarani. 2021. Tese (Doutorado em Geociências e Meio Ambiente) - Universidade Estadual Paulista Júlio de Mesquita Filho."
2020,Chang Hung Kiang,Doutorado,"CHANG, H.K.; TERAMOTO, E.; Cunha, R.C.A.; KRAHENBUHL, F.M.; PEDE, M. A. Z.. Participação em banca de Elias Isler. Efeito do Trapeamento de LNAPL em Área Contaminada por Querosene de Aviação: Avaliação pela Técnica de Fluorescência Induzida por Laser (LIF).. 2020. Tese (Doutorado em Geociências e Meio Ambiente) - Universidade Estadual Paulista Júlio de Mesquita Filho."
2023,Chang Hung Kiang,Outros,"CHANG, HUNG KIAGN; Batezelli, A; Uhlein, A; Ladeira, F S B; Giannini, P C F. Comissão Examinadora do Concurso para obtenção do título de Livre-Docente em Estratigrafia. 2023. Universidade Estadual Paulista Júlio de Mesquita Filho."
2023,Jose Alexandre de Jesus Perinotto,Mestrado,"CARNEIRO, C. D. R.; PERINOTTO, J. A. J.; LANDIM, P. M. B.; Coltri, P.P.. Participação em banca de Isabella Nogueira Bittar de Castilho Barbosa. Projeto Geoescola em Ribeirão Preto (SP): difusão do conhecimento geológico para conservação de águas subterrâneas.. 2023. Dissertação (Mestrado em Ensino e História de Ciências da Terra) - Universidade Estadual de Campinas."
2022,Jose Alexandre de Jesus Perinotto,Doutorado,"PERINOTTO, J. A. J.; Vicentelli, M. G. C.; MORALES, ETHEL; SCARDIA, G.; WARREN, LUCAS V.. Participação em banca de Rodrigo Novo Real. Avaliação do Potencial Gerador de Hidrocarbonetos na Bacia de Punta del Este (Offshore do Uruguai). 2022. Tese (Doutorado em Geociências e Meio Ambiente) - Universidade Estadual Paulista Júlio de Mesquita Filho."
2022,Jose Alexandre de Jesus Perinotto,Doutorado,"VESELY, F. F.; PERINOTTO, J. A. J.; Magalhães, P.M.; Kuchle, J.; Buso, V. V.. Participação em banca de Ronaldo Paulo Kraft. Distribuição e Origem dos Depósitos de Transporte de Massa do Grupo Itararé, na Região de Mafra, Santa Catarina. 2022. Tese (Doutorado em Geologia) - Universidade Federal do Paraná."
2021,Jose Alexandre de Jesus Perinotto,Qualificação de Doutorado,"PERINOTTO, J. A. J.; Vicentelli, M. G. C.; BARBE, G. V.. Participação em banca de Rodrigo Novo Real. Avaliação do potencial gerador de hidrocarbonetos na Bacia Punta Del Leste (Offshore do Uruguai). 2021. Exame de qualificação (Doutorando em Geociências e Meio Ambiente) - Universidade Estadual Paulista Júlio de Mesquita Filho."
2020,Jose Alexandre de Jesus Perinotto,Qualificação de Doutorado,"PERINOTTO, J. A. J.; Fernandes, L. A.; GIANINNI, P. C. F.; Paim, P.S.G.. Participação em banca de Liliane Maria Tcacenco Manzano. Estratigrafia e Evolução tectonossedimentar da parte ocidental da Bacia Bauru. 2020. Exame de qualificação (Doutorando em Geologia) - Universidade Federal do Paraná."
2023,Jose Alexandre de Jesus Perinotto,Outros,"Souza-Filho, C.R.; PERINOTTO, J. A. J.; Netto, R. G.; Solferini, V. N.; Socorro, O. A. A.. Concurso Professor Titular. 2023. Universidade Estadual de Campinas."
2023,Dionísio Uendro Carlos,Mestrado,"BORGES, W. R.; VASCONCELOS, M. A. R.; CARLOS, DIONISIO U.; FERREIRA, F. J. F.. Participação em banca de Fabrício Pereira dos Santos. Prospecção Geofísica e Petrofísica de Elementos Terras Raras no Complexo Alcalino Fazenda Buriti, Província Alcalina de Goiás. 2023. Dissertação (Mestrado em Geociências Aplicadas) - Universidade de Brasília."
2023,Dionísio Uendro Carlos,Mestrado,"BORGES, W. R.; YOKOYAMA, E.; SILVA, A. M.; CARLOS, DIONISIO U.; FERREIRA, F. J. F.. Participação em banca de Thiago Lima Mendes. Mapeamento da Assinatura de Ni-Cu (Co-Au-PGE) na Província Tocantins: O Exemplo da Intrusão Máfica-Ultramáfica Barra do Gameleira. 2023. Dissertação (Mestrado em Geociências Aplicadas) - Universidade de Brasília."
2021,Dionísio Uendro Carlos,Mestrado,"MELO, A. T.; CARLOS, D. U.; MELO, G. H. C.. Participação em banca de Mariana Débora Vital Bandeira. Magnetic Signature of the World-Class, Archean Cuiabá Gold Deposit in the Quadrilátero Ferrífero, Brazil. 2021. Dissertação (Mestrado em Geologia) - Universidade Federal de Minas Gerais."
2020,Dionísio Uendro Carlos,Mestrado,"PORSANI, J. L.; CARLOS, D. U.; PINTO, L. G. R.. Participação em banca de Gabriela Serêjo de Oliveira. Modelagem de Anomalia de Dados HTEM para Exploração Mineral no Quadrilátero Ferrífero, MG. 2020. Dissertação (Mestrado em Geofísica) - Universidade de São Paulo."
2024,Dionísio Uendro Carlos,Doutorado,"Moreira, C. A.; CARLOS, D. U.; KEMERICH, P. D. C.; WEILER, J.; HELENE, L. P. I.. Participação em banca de Lenon Melo Ilha. Uso de técnicas de exploração mineral no estudo de passivos ambientais em mina de urânio em fase de descomissionamento. 2024. Tese (Doutorado em Geociências e Meio Ambiente) - Universidade Estadual Paulista Júlio de Mesquita Filho."
2021,Dionísio Uendro Carlos,Doutorado,"FERREIRA, F. J. F.; BONGIOLO, A. B. E. S.; CARLOS, D. U.; SOUZA, J.; PINTO, L. G. R.. Participação em banca de Jessica Derkacz Weihermann. Inversão com Barreira Logarítimica e Interpretação de Dados Aerogamaespectrométricos. 2021. Tese (Doutorado em Geologia) - Universidade Federal do Paraná."
2021,Dionísio Uendro Carlos,Doutorado,"PORSANI, J. L.; CARLOS, D. U.; BORTOLOZO, C. A.; SILVA, A. M.; OLIVEIRA FILHO, O. A.. Participação em banca de Marco Antonio Couto Junior. Investigação de Depósitos Auríferos no Quadrilátero Ferrífero, MG, Por Meio da Anáise de Dados HTEM. 2021. Tese (Doutorado em Geofísica) - Universidade de São Paulo."
2024,Dionísio Uendro Carlos,TCC,"SCADIA, G.; CARLOS, D. U.; CAETANO FILHO, S.. Participação em banca de Renato FRancischet Domingos.Magneto Estratigrafia do Testemunho 2-SMC-2-AL, Formação Morro do Chaves, Bacia Sergipe-Alagoas. 2024. Trabalho de Conclusão de Curso (Graduação em Geologia) - Universidade Estadual Paulista Júlio de Mesquita Filho."
2024,Dionísio Uendro Carlos,TCC,"Moreira, C. A.; CARLOS, D. U.; DUZ, B. G.. Participação em banca de Camila Fernanda Ferreira dos Santos.Estudos geofísicos para reconhecimento de contato geológico entre diabásio e granito na pedreira Mogiana, Mogi Mirim (MG). 2024. Trabalho de Conclusão de Curso (Graduação em Geologia) - Universidade Estadual Paulista Júlio de Mesquita Filho."
2024,Dionísio Uendro Carlos,TCC,"Moreira, C. A.; CARLOS, D. U.; DUZ, B. G.. Participação em banca de Aline Baldin de Araújo.Eletrorresistividade Aplicada à Captação de Àgua Subterrâne: Estudo na Fazenda Nova Trento, Boa Esperança do Sul (SP). 2024. Trabalho de Conclusão de Curso (Graduação em Geologia) - Universidade Estadual Paulista Júlio de Mesquita Filho."
2023,Dionísio Uendro Carlos,Outros,"CARLOS, D. U.. Edital Prêmio SBGf de Tese/Dissertação 2021-2023. 2023. Sociedade Brasileira de Geofísica."
2021,Reinaldo José Bertini,Mestrado,"BERTINI, R. J.; GOBBO, S. R.; SANTOS, C. P. S.. Participação em banca de Ariana Carmelin de Sousa Melo. Revisão dos fósseis de Sauropoda (Saurischia, Dinosauria) do Grupo Bauru. 2021. Dissertação (Mestrado em Geociências e Meio Ambiente) - Universidade Estadual Paulista Júlio de Mesquita Filho."
2020,Reinaldo José Bertini,Mestrado,"BERTINI, R. J.; COSTA, T. V. V.; POSSO, S. R.. Participação em banca de Luiz Antonio Letízio. Revisão da evolução em Eumaniraptoriformes, e origem do vôo em amniotas avianos. 2020. Dissertação (Mestrado em Geociencias (Geociencias e Meio-Ambiente)) - Universidade Estadual Paulista Júlio de Mesquita Filho."
2021,Reinaldo José Bertini,Qualificação de Mestrado,"BERTINI, REINALDO J; SANTOS, C. P. S.; GOBBO, S. R.. Participação em banca de Ariana Carmelin de Sousa Melo. Revisão dos fósseis de Sauropoda (Saurischia, Dinosauria) da Formação Adamantina, Grupo Bauru. 2021."
2020,Reinaldo José Bertini,Qualificação de Mestrado,"BERTINI, R. J.; FERREIRA, M. A. P.; CESTARI, C.. Participação em banca de Luiz Antonio Letízio. Revisão da evolução em Eumaniraptoriformes, e origem do vôo em amniotas avianos. 2020. Exame de qualificação (Mestrando em Geociencias (Geociencias e Meio-Ambiente)) - Universidade Estadual Paulista Júlio de Mesquita Filho."
2023,Washington Barbosa Leite Júnior,Mestrado,"JIMENEZ, F. A. C.; OLIVEIRA, C. G.; SOUZA, V. S.; LEITE JÚNIOR, W. B.. Participação em banca de Vivian Marjorie Braga Bandeira. Aspectos geoquímicos e petrológicos das mineralizações tipo greisen associadas às fácies mais evoluídas dos granitos da Zona da Bacia do maciço Pedra Branca, Goiás. 2023. Dissertação (Mestrado em Geologia) - Universidade de Brasília."
2022,Washington Barbosa Leite Júnior,Mestrado,"LEITE JÚNIOR, W. B.; ZANARDO, A.; BETTENCOURT, J. S.. Participação em banca de Matheus Ramos Ciotta. Petrologia dos granitos associados aos depósitos primários de estanho e metais base da mina Bom Futuro. 2022. Dissertação (Mestrado em Geociencias (Geociencias e Meio-Ambiente)) - Universidade Estadual Paulista Júlio de Mesquita Filho."
2020,Washington Barbosa Leite Júnior,Mestrado,"LEITE JÚNIOR, W. B.; ZANARDO, A.; BETTENCOURT, J. S.. Participação em banca de Vanderlei de Farias. Geologia e petrologia do plúton Saubinha e os depósitos de estanho associados. 2020. Dissertação (Mestrado em Geociências e Meio Ambiente) - Universidade Estadual Paulista Júlio de Mesquita Filho."
2020,Washington Barbosa Leite Júnior,Mestrado,"GODOY, A. M.; LEITE JÚNIOR, W. B.; ZANARDO, Antenor. Participação em banca de Jonas Meneses Zenero. Geologia e geoquímica do batólito granitóide Itaoca, sul do estado de São Paulo. 2020. Dissertação (Mestrado em Geociências e Meio Ambiente) - Universidade Estadual Paulista Júlio de Mesquita Filho."
2020,Washington Barbosa Leite Júnior,Mestrado,"MONTEIRO, L. V. S.; LEITE JÚNIOR, W. B.; MELO, G. H. C.. Participação em banca de Maíra Antunes Alves. Evolução metalogenética do depósito de cobre-ouro Furnas, província Carajás, Pará. 2020. Dissertação (Mestrado em Programa de Pós-Graduação em Recursos Minerais e Hidrogeologia) - Universidade de São Paulo."
2021,Washington Barbosa Leite Júnior,Doutorado,"GODOY, A. M.; LUVIZOTTO, G. L.; LEITE JÚNIOR, W. B.; MANZANO, J. C.; LIMA, F. G.. Participação em banca de Otávio Augusto Ruiz Paccóla Vieira. Geologia das rochas ígneas meso a neoproterozoicas associadas a Formação Agua Clara no estado de São Paulo. 2021. Tese (Doutorado em Geociências e Meio Ambiente) - Universidade Estadual Paulista Júlio de Mesquita Filho."
2022,Washington Barbosa Leite Júnior,Qualificação de Doutorado,"ARTUR, A. C.; GODOY, A. M.; LEITE JÚNIOR, W. B.. Participação em banca de Marly Aparecida da Silva. Petrologia e metalogenia da suíte intrusiva São Lourenço-Caripunas, na região do distrito mineiro são Lourenço-Macisa, Rondônia. 2022. Exame de qualificação (Doutorando em Geociências e Meio Ambiente) - Universidade Estadual Paulista Júlio de Mesquita Filho."
2020,Washington Barbosa Leite Júnior,Qualificação de Doutorado,"GODOY, A. M.; LEITE JÚNIOR, W. B.; LUVIZOTTO, G. L.. Participação em banca de Otávio Augusto Ruiz Paccóla Vieira. Evolução das rochas ígneas meso a neoproterozoicas associadas ás Formação Água Clara no estado de São Paulo. 2020. Exame de qualificação (Doutorando em Geociências e Meio Ambiente) - Universidade Estadual Paulista Júlio de Mesquita Filho."
2022,Washington Barbosa Leite Júnior,Qualificação de Mestrado,"ZANARDO, Antenor; BETTENCOURT, J. S.; LEITE JÚNIOR, W. B.. Participação em banca de Matheus Ramos Ciotta. Gênese e evolução do magmatismo granítico associado à mineralização de estanho da mina Bom Futuro, Rondônia. 2022. Exame de qualificação (Mestrando em Geociências e Meio Ambiente) - Universidade Estadual Paulista Júlio de Mesquita Filho."
2023,Washington Barbosa Leite Júnior,TCC,"GODOY, A. M.; MELO, R. P.; LEITE JÚNIOR, W. B.. Participação em banca de Jeferson Silva das Virgens.Caracterização petrográfica e litogeoquímica do corpo metaultramáfico da Serra do Jacaré, domínio Carajás, Brasil. 2023. Trabalho de Conclusão de Curso (Graduação em Geologia) - Universidade Estadual Paulista Júlio de Mesquita Filho."
2023,Washington Barbosa Leite Júnior,TCC,"LEITE JÚNIOR, W. B.; SILVA, M. A.; PAYOLLA, B. L.. Participação em banca de Tainan Vinicius de Queiroz Souza.Petrografia e litogeoquímica das rochas félsicas do maciço Alto Paraíso, Província Estanífera de Rondônia. 2023. Trabalho de Conclusão de Curso (Graduação em Geologia) - Universidade Estadual Paulista Júlio de Mesquita Filho."
2022,Washington Barbosa Leite Júnior,TCC,"LEITE JÚNIOR, W. B.; VIEIRA, O. A. R. P.. Participação em banca de Caique Braulino Ildebrand.Petrografia aplicada ao estudo de variabilidade de dureza dos litotipos do corpo sul da mina de Cu-Au de Chapada, Goiás. 2022. Trabalho de Conclusão de Curso (Graduação em Geologia) - Universidade Estadual Paulista Júlio de Mesquita Filho."
2022,Washington Barbosa Leite Júnior,TCC,"LEITE JUNIOR, WASHINGTON BARBOSA; PAYOLLA, Bruno Leonelo; MUZZOLON, Renato. Participação em banca de Marina Vendemiatti Mattioli.Caracterização mineralógica do rejeito magnético (pilha 2) da frente de lavra Gilberto Kubotani, mina Bom Futuro, Rondônia. 2022. Trabalho de Conclusão de Curso (Graduação em Geologia) - Universidade Estadual Paulista Júlio de Mesquita Filho."
2021,Washington Barbosa Leite Júnior,TCC,"LEITE JÚNIOR, W. B.; MUZZOLON, Renato; PAYOLLA, Bruno Leonelo. Participação em banca de Fabio de Jesus Moreira Junior.Caracterização mineralógica do rejeito magnético da frente de lavra Paulo Amâncio, mina Bom Futuro, Rondônia. 2021. Trabalho de Conclusão de Curso (Graduação em Geologia) - Universidade Estadual Paulista Júlio de Mesquita Filho."
2021,Washington Barbosa Leite Júnior,TCC,"LEITE JÚNIOR, W. B.; MUZZOLON, Renato; PAYOLLA, Bruno Leonelo. Participação em banca de Gustavo Sbaglia Santiago.Caracterização mineralógica do rejeito magnético da frente de lavra Cascavel, mina Bom Futuro, Rondônia. 2021. Trabalho de Conclusão de Curso (Graduação em Geologia) - Universidade Estadual Paulista Júlio de Mesquita Filho."
2021,Washington Barbosa Leite Júnior,TCC,"ANGELI, Nelson; LEITE JÚNIOR, W. B.; SILVA, M. A.. Participação em banca de João Pedro Prado de Oliveira.Evolução do perfil laterítico e geração de bauxita associada às rochas charnoquíticas e gnáissicas, Zona da Mata Mineira, porção leste de Minas Gerais. 2021. Trabalho de Conclusão de Curso (Graduação em Geologia) - Universidade Estadual Paulista Júlio de Mesquita Filho."
2021,Washington Barbosa Leite Júnior,TCC,"LEITE JÚNIOR, W. B.; PAYOLLA, Bruno Leonelo; SILVA, M. A.. Participação em banca de Paulo Henrique Camargo Raymundo.Petrografia e geoquímica das rochas félsicas da Suíte Intrusiva Costa Marques, Rondônia. 2021. Trabalho de Conclusão de Curso (Graduação em Geologia) - Universidade Estadual Paulista Júlio de Mesquita Filho."
2021,Washington Barbosa Leite Júnior,TCC,"GODOY, A. M.; VIEIRA, O. A. R. P.; LEITE JÚNIOR, W. B.. Participação em banca de Enrico de Oliveira Marchi.Petrografia e geoquímica do Granito Sguario, sudoeste de São Paulo. 2021. Trabalho de Conclusão de Curso (Graduação em Geologia) - Universidade Estadual Paulista Júlio de Mesquita Filho."
2024,Washington Barbosa Leite Júnior,Outros,"LEITE JUNIOR, WASHINGTON BARBOSA; MONTEIRO, L. V. S.; ROCHA, M. M.. Concurso Público para provimento de cargo de Professor Assistente. 2024. Universidade Estadual Paulista Júlio de Mesquita Filho."
2022,Washington Barbosa Leite Júnior,Outros,"ARTUR, A. C.; NARDY, Antonio José Ranalli; LEITE JÚNIOR, W. B.. Professor substituto em caráter emergencial em Petrologia magmática e metamórfica. 2022. Universidade Estadual Paulista Júlio de Mesquita Filho."
2021,Washington Barbosa Leite Júnior,Outros,"ZAINE, J. E.; MORALES, Norberto; LEITE JÚNIOR, W. B.. Concurso Público para professor substituto em caráter emergencial no conjunto de disciplinas Geologia, Geologia Geral II, Geologia de Campo III, Geologia Estrutural e Geotectônica. 2021. Universidade Estadual Paulista Júlio de Mesquita Filho."
2024,Antonio Misson Godoy,Outros,"GODOY, A. M.; MACHADO, Romulo; Bonotto, D; Toni, G. Prof Titular de Geofísica. 2024. Universidade Estadual Paulista Júlio de Mesquita Filho."
2024,Antonio Misson Godoy,Outros,"CONCEICAO, F. T.; GODOY, ANTONIO MISSON. Prof. Titular na disciplina Geomorfologia (Edital 393/2023). 2024. Universidade Estadual Paulista Júlio de Mesquita Filho."
2024,Antonio Misson Godoy,Outros,"LUPINACCI, C. M.; GODOY, ANTONIO MISSON. Prof. Titular na disciplina Geomorfologia (Edital 393/2023). 2024. Universidade Estadual Paulista Júlio de Mesquita Filho."
2021,George Luiz Luvizotto,Qualificação de Mestrado,"Luiz Luvizotto, George; MORAES, R.; TEDESCHI, M. F.. Participação em banca de Otavio Sant'anna Gonçalves Silva. Caracterização metamórfica e geocronologia de gnaisses e granulito de alta temperatura nas regiões de Caconde e São José do Rio Pardo (SP), Complexo Guaxupe (SE, Brasil). 2021. Exame de qualificação (Mestrando em Geociências e Meio Ambiente) - Universidade Estadual Paulista Júlio de Mesquita Filho."
2020,José Eduardo Zaine,Doutorado,"REIS, F.A.G.V.; ZAINE, J. E.; CHITOLINA, J. C.; LARIOS, M. R. B.; SAAD, A. M.. Participação em banca de Paulo Martins da Silveira. Procedimentos Metodológicos para Elaboração de Cartas Geotécnicas aplicadas a Solos Colapsíveis em Áreas Urbanas utilizando o Método do Detalhamento Progressivo. 2020. Tese (Doutorado em Geociências e Meio Ambiente) - Universidade Estadual Paulista Júlio de Mesquita Filho."
2020,José Eduardo Zaine,Doutorado,"LATRUBESSE, E. M.; STEVAUX, J. C.; ZAINE, J. E.; BAYER, M.; LUPINACCI, C. M.. Participação em banca de Landerlei Almeida Santos. Geomorfologia e Geologia do Quaternário da Planície Fluvio-eólica do Médio Rio São Francisco, NE do Brasil. 2020. Tese (Doutorado em Geociências e Meio Ambiente) - Universidade Estadual Paulista Júlio de Mesquita Filho."
2020,José Eduardo Zaine,Qualificação de Mestrado,"REIS, F.A.G.V.; ZAINE, J. E.; RIEDEL, P.S.. Participação em banca de Beatriz Guzzo Duz. Avaliação dos Modelos SHALSTAB e SINMAP à ocorrência de Escorregamentos Rasos: aplicação em áreas de alta densidade de estruturas geológicas da Serra do Mar. 2020. Exame de qualificação (Mestrando em Geociências e Meio Ambiente) - Universidade Estadual Paulista Júlio de Mesquita Filho."
2023,José Eduardo Zaine,TCC,"ROHN, R.; ZAINE, J. E.; SOUZA, I. A.. Participação em banca de Alexandre Nasser Brolezzi Menezes.Análise e correlação estratigráfica de camadas deformadas do Membro Assistência da Formação Irati, Bacia do Paraná. 2023. Trabalho de Conclusão de Curso (Graduação em Geologia) - Instituto de Geociências e Ciências Exatas - UNESP Rio Claro."
2023,José Eduardo Zaine,TCC,"ZAINE, J. E.; ROSOLEN, V. S.; KOLYA, A. A.. Participação em banca de Felipe Correr Junqueira.Mapeamento Geológico-Geotécnico Preliminar da Bacia Hidrográfica do Ribeirão Tatu no Município de Cordeirópolis, SP, na Escala de 1:25.000. 2023. Trabalho de Conclusão de Curso (Graduação em Geologia) - Instituto de Geociências e Ciências Exatas - UNESP Rio Claro."
2023,José Eduardo Zaine,TCC,"ZAINE, J. E.; MELO, R. P.; STEFANUTO, E.. Participação em banca de Rafael Jacobina Longatto.Análise geotécnica e temporal da vocçoroca da Bacia Hidrográfica do Córrego Santo Antônio - Mogi Mirim (SP). 2023. Trabalho de Conclusão de Curso (Graduação em Geologia) - Instituto de Geociências e Ciências Exatas - UNESP Rio Claro."
2022,José Eduardo Zaine,TCC,"ENGELBRECHT, B. Z.; TERAMOTO, E. H.; ZAINE, J. E.. Participação em banca de Felipe Henrique Pires.Balanço hídrico da Bacia do Rio Corumbataí, SP: série histórica de 2013 a 2014. 2022. Trabalho de Conclusão de Curso (Graduação em Geologia) - Instituto de Geociências e Ciências Exatas - UNESP Rio Claro."
2022,José Eduardo Zaine,TCC,"GASTMANS; ZAINE, J. E.; SARAIVA, G. P.. Participação em banca de Leonardo Nemésio Alves da Silva.Prospecção hidrogeológica voltada a implantação de projetos para águas minerais envasadas na UGRHI-8, Bacia do Rio São José dos Dourados, Noroeste do Estado de São Paulo. 2022. Trabalho de Conclusão de Curso (Graduação em Geologia) - Instituto de Geociências e Ciências Exatas - UNESP Rio Claro."
2021,José Eduardo Zaine,Outros,"REIS; RIEDEL, P. S.; ZAINE, J. E.. Concurso público para contratação em caráter emergencial, por prazo determinado, de um professor substituto. 2021. Instituto de Geociências e Ciências Exatas - UNESP Rio Claro."
2021,José Eduardo Zaine,Outros,"ZAINE, J. E.; MORALES, N.; LEITE JUNIOR, W. B.. Concurso público para contratação em caráter emergencial, por prazo determinado, de um professor substituto. 2021. Instituto de Geociências e Ciências Exatas - UNESP Rio Claro."
2021,José Eduardo Zaine,Outros,"FERREIRA, G.C.; ZAINE, J. E.; CASTRO, M. C. A. A.. Concurso público para contratação em caráter emergencial, por prazo determinado, de um professor substituto. 2021. Instituto de Geociências e Ciências Exatas - UNESP Rio Claro."
2020,José Eduardo Zaine,Outros,"ZAINE, J. E.; WARREN, L.; CASTRO, M. C. A. A.. Concurso público para contratação em caráter emergencial, por prazo determinado, de um professor substituto. 2020. Universidade Estadual Paulista Júlio de Mesquita Filho."
2024,Matheus Lisboa Nobre da Silva,Mestrado,"ZAINE, J. E.; SILVA, M. L. N.; MENEZES, D. B.. Participação em banca de Maria Vitoria Baptista. Estratégias de Geoconservação da Voçoroca da Mãe Preta: propostas de gestão do geopatrimônio em áreas degradadas. 2024. Dissertação (Mestrado em Geociências e Meio Ambiente) - Universidade Estadual Paulista Júlio de Mesquita Filho."
2024,Matheus Lisboa Nobre da Silva,Doutorado,"ZAINE, J. E.; REIS, F. A. G. V.; SILVA, M. L. N.; MENEZES, D. B.; CARNEIRO, C. D. R.. Participação em banca de André de Andrade Kolya. Estratégias de Geoconservação para Educação e Popularização das Geociências no Território do Geoparque Corumbataí, SP. 2024."
2022,Matheus Lisboa Nobre da Silva,TCC,"NASCIMENTO, M. A. L.; SOUSA, D. C.; SILVA, M. L. N.. Participação em banca de Marília Cristina Santos Souza Dias.Inventário do Patrimônio Geológico do Estado do Rio Grande do Norte, NE do Brasil. 2022. Trabalho de Conclusão de Curso (Graduação em Geologia) - Universidade Federal do Rio Grande do Norte."
2022,Matheus Lisboa Nobre da Silva,TCC,"NASCIMENTO, M. A. L.; SILVA, M. L. N.; CAVALCANTE, R.. Participação em banca de Silas Samuel dos Santos Costa.A Mineração e o Desenvolvimento Sustentável no Território do Geoparque Seridó. 2022. Trabalho de Conclusão de Curso (Graduação em Geologia) - Universidade Federal do Rio Grande do Norte."
2020,Matheus Lisboa Nobre da Silva,TCC,"NASCIMENTO, M. A. L.; SOUSA, D. C.; SILVA, M. L. N.. Participação em banca de Daniele Ingredy Gomes Silva.O Ensino da Geologia na Educação Infantil: Estudo da Introdução às Geociências por meio do Livro ""A Grandiosa História de um Grão de Areia"". 2020. Trabalho de Conclusão de Curso (Graduação em Geologia) - Universidade Federal do Rio Grande do Norte."
2024,Matheus Lisboa Nobre da Silva,Outros,"KNAUER, L. G.; SAMPAIO, J. L. D.; MANSUR, K. L.; NASCIMENTO, M. A. L.; SILVA, M. L. N.. Concurso de Provas e Títulos para Provimento Efetivo da Carreira de Magistério Superior. 2024. Universidade Federal de Minas Gerais."
2022,Daniel Marcos Bonotto,Mestrado,"Bonotto, D.M.. Participação em banca de André Ponce Figols. Estudo comparativo das taxas de crescimento recente de espeleotemas carbonáticos de cavernas pelo método geocronológico do Pb-210. 2022. Dissertação (Mestrado em Geociencias (Geociencias e Meio-Ambiente)) - Universidade Estadual Paulista Júlio de Mesquita Filho."
2021,Daniel Marcos Bonotto,Mestrado,"Bonotto, D.M.. Participação em banca de Isabella Gumiero Lee. Estudo hidroquímico do Rio Alambari no município de São José dos Campos (SP). 2021. Dissertação (Mestrado em Geociencias (Geociencias e Meio-Ambiente)) - Universidade Estadual Paulista Júlio de Mesquita Filho."
2021,Daniel Marcos Bonotto,Mestrado,"Bonotto, D.M.. Participação em banca de Anna Carolina Gastmaier Marques. Análise de emanações radioativas em pilhas de rejeitos de mineração de urânio e suas relações com a geração de drenagem ácida de mina. 2021. Dissertação (Mestrado em Geociencias (Geociencias e Meio-Ambiente)) - Universidade Estadual Paulista Júlio de Mesquita Filho."
2021,Daniel Marcos Bonotto,Mestrado,"Bonotto, D.M.. Participação em banca de João Pedro Massari de Mello. Estudo geoquímico e cronológico (Pb-210) de sedimentos da bacia hidrográfica do Rio Alambari em São José dos Campos (SP). 2021. Dissertação (Mestrado em Geociencias (Geociencias e Meio-Ambiente)) - Universidade Estadual Paulista Júlio de Mesquita Filho."
2021,Daniel Marcos Bonotto,Mestrado,"Bonotto, D.M.. Participação em banca de Gabrielle Roveratti Ceccato. Análise comparativa da performance de distintos gamaespectrômetros no estudo da Formação Irati, Bacia do Paraná. 2021. Dissertação (Mestrado em Geociencias (Geociencias e Meio-Ambiente)) - Universidade Estadual Paulista Júlio de Mesquita Filho."
2020,Daniel Marcos Bonotto,Mestrado,"Bonotto, D.M.. Participação em banca de Marta Lilian Victorino Patricio. Espectrometria gama de alta resolução aplicada na análise de radioatividade em águas devido os isótopos naturais de rádio. 2020. Dissertação (Mestrado em Geociências e Meio Ambiente) - Universidade Estadual Paulista Júlio de Mesquita Filho."
2023,Daniel Marcos Bonotto,Doutorado,"Bonotto, D.M.. Participação em banca de Eder Queiroz Barbosa. Contribuição do espalhamento Compton na geração de mapas radiométricos. 2023. Tese (Doutorado em Geociencias (Geociencias e Meio-Ambiente)) - Universidade Estadual Paulista Júlio de Mesquita Filho."
2022,Daniel Marcos Bonotto,Doutorado,"Bonotto, D.M.. Participação em banca de Marina Lunardi. Estudo geoquímico das águas do Complexo Termal termais de Caldas Novas (GO), Brasil. 2022. Tese (Doutorado em Geociencias (Geociencias e Meio-Ambiente)) - Universidade Estadual Paulista Júlio de Mesquita Filho."
2022,Daniel Marcos Bonotto,Doutorado,"Bonotto, D.M.. Participação em banca de Cristina Bañobre Miguélez. Po-210: contaminante y trazador natural en compartimentos ambientales de las lagunas de Castillo y Briozzo en el Departamento de Rocha. 2022. Tese (Doutorado em Química) - Universidad de la Republica Uruguay."
2024,Daniel Marcos Bonotto,Qualificação de Doutorado,"Bonotto, D.M.. Participação em banca de Marta Lilian Victorino Patricio. Isótopos naturais de rádio aplicados aos recursos hídricos. 2024. Exame de qualificação (Doutorando em Geociencias (Geociencias e Meio-Ambiente)) - Universidade Estadual Paulista Júlio de Mesquita Filho."
2023,Daniel Marcos Bonotto,Qualificação de Doutorado,"Bonotto, D.M.. Participação em banca de Raquel Curtolo Quirino. Contribuição do Fluxo Subterrâneo no Rio Corumbataí (SP). 2023. Exame de qualificação (Doutorando em Geociencias (Geociencias e Meio-Ambiente)) - Universidade Estadual Paulista Júlio de Mesquita Filho."
2022,Daniel Marcos Bonotto,Qualificação de Doutorado,"Bonotto, D.M.. Participação em banca de Eder Queiroz Barbosa. Contribuição do espalhamento Compton na geração de mapa radiométricos. 2022. Exame de qualificação (Doutorando em Geociências e Meio Ambiente) - Universidade Estadual Paulista Júlio de Mesquita Filho."
2020,Daniel Marcos Bonotto,Qualificação de Doutorado,"Bonotto, D.M.. Participação em banca de Marina Lunardi. Geoquímica Isotópica aplicada às águas do Complexo Termal de Caldas Novas (GO). 2020. Exame de qualificação (Doutorando em Geociências e Meio Ambiente) - Universidade Estadual Paulista Júlio de Mesquita Filho."
2022,Daniel Marcos Bonotto,Qualificação de Mestrado,"Bonotto, D.M.. Participação em banca de Guilherme dos Santos Lima. Avaliação de aves aquáticas como potenciais sentinelas no monitoramento de elementos provenientes da exploração e produção de petróleo e gás natural. 2022. Exame de qualificação (Mestrando em Geociencias (Geociencias e Meio-Ambiente)) - Universidade Estadual Paulista Júlio de Mesquita Filho."
2021,Daniel Marcos Bonotto,Qualificação de Mestrado,"Bonotto, D.M.. Participação em banca de Isabella Gumiero Lee. Hidroquímica aplicada à qualidade de águas superficiais em porção da bacia hidrográfica do Rio Paraíba do Sul, município de São José dos Campos (SP). 2021. Exame de qualificação (Mestrando em Geociencias (Geociencias e Meio-Ambiente)) - Universidade Estadual Paulista Júlio de Mesquita Filho."
2021,Daniel Marcos Bonotto,Qualificação de Mestrado,"Bonotto, D.M.. Participação em banca de João Pedro Massari. Estudo cronológico (Pb-210) da contaminação de sedimentos em porção da bacia hidrográfica do Rio Paraíba do Sul na região de São José dos Campos (SP). 2021. Exame de qualificação (Mestrando em Geociencias (Geociencias e Meio-Ambiente)) - Universidade Estadual Paulista Júlio de Mesquita Filho."
2021,Daniel Marcos Bonotto,Qualificação de Mestrado,"Bonotto, D.M.. Participação em banca de Anna Carolina Gastmaier Marques. Análise de emanações radioativas em pilhas de rejeitos de mineração de urânio e suas relações com a geração de drenagem ácida de mina. 2021. Exame de qualificação (Mestrando em Geociencias (Geociencias e Meio-Ambiente)) - Universidade Estadual Paulista Júlio de Mesquita Filho."
2021,Daniel Marcos Bonotto,Qualificação de Mestrado,"Bonotto, D.M.. Participação em banca de André Ponce Figols. Estudo comparativo das taxas de crescimento recente de espeleotemas carbonáticos de cavernas pelo método geocronológico do Pb-210. 2021. Exame de qualificação (Mestrando em Geociencias (Geociencias e Meio-Ambiente)) - Universidade Estadual Paulista Júlio de Mesquita Filho."
2021,Daniel Marcos Bonotto,Qualificação de Mestrado,"Bonotto, D.M.. Participação em banca de Gabrielle Roveratti Ceccato. Análise comparativa da performance de distintos gamaespectrômetros no estudo da Formação Irati, Bacia do Paraná. 2021. Exame de qualificação (Mestrando em Geociências e Meio Ambiente) - Universidade Estadual Paulista Júlio de Mesquita Filho."
2020,Daniel Marcos Bonotto,Qualificação de Mestrado,"Bonotto, D.M.. Participação em banca de Marta Lilian Victorino Patricio. Espectrometria gama de alta resolução aplicada na análise de radioatividade em águas devido os isótopos naturais de rádio. 2020. Exame de qualificação (Mestrando em Geociências e Meio Ambiente) - Universidade Estadual Paulista Júlio de Mesquita Filho."
2022,Daniel Marcos Bonotto,TCC,"Bonotto, D.M.. Participação em banca de Isabela Guimarães de Araujo.Estudo hidroquímico do Rio Tietê (SP). 2022. Trabalho de Conclusão de Curso (Graduação em Geologia) - Universidade Estadual Paulista Júlio de Mesquita Filho."
2021,Daniel Marcos Bonotto,TCC,"Bonotto, D.M.. Participação em banca de Lucas Souza Venciguerra.Isótopos naturais de urânio em sedimentos de fundo como ferramenta de análise ambiental da bacia hidrográfica do rio Pardo, estado de SP. 2021. Trabalho de Conclusão de Curso (Graduação em Geologia) - Universidade Estadual Paulista Júlio de Mesquita Filho."
2021,Daniel Marcos Bonotto,TCC,"Bonotto, D.M.. Participação em banca de Pietro Demattê Avona.Estudo hidroquímico e radiométrico de águas subterrâneas da estância hidromineral de Serra Negra (SP). 2021. Trabalho de Conclusão de Curso (Graduação em Geologia) - Universidade Estadual Paulista Júlio de Mesquita Filho."
2024,Daniel Marcos Bonotto,Outros,"Bonotto, D.M.. Conjunto de disciplinas ""Prospecção e Pesquisa Mineral I"" e ""Prospecção e Pesquisa Mineral II"". 2024. Universidade Estadual Paulista Júlio de Mesquita Filho."
2024,Daniel Marcos Bonotto,Outros,"Bonotto, D.M.. Disciplina ""Geologia de Engenharia"". 2024. Universidade Estadual Paulista Júlio de Mesquita Filho."
2023,Daniel Marcos Bonotto,Outros,"Bonotto, D.M.. Conjunto de disciplinas ?Processos de Operações Unitárias? e ?Sistemas de Tratamento de Águas e de Resíduos?. 2023. Universidade Estadual Paulista Júlio de Mesquita Filho."
2024,Daniel Marcos Bonotto,Outros,"Bonotto, D.M.. Professor Assistente na área de conhecimento em Geociências. 2024. Universidade Estadual Paulista Júlio de Mesquita Filho."
2021,Daniel Marcos Bonotto,Outros,"Bonotto, D.M.. Professor Substituto nas disciplinas Geoestatística, Geofísica II e Geologia de Campo I. 2021. Universidade Estadual Paulista Júlio de Mesquita Filho."
2023,Giancarlo Scardia,Mestrado,"Scardia, Giancarlo; HARTMANN, G. A.; BLANCO, L. A. D.. Participação em banca de Malena Sandim Bispo. Magnetoestratigrafia da Bacia Bauru (Cretáceo) nos estados de São Paulo e Paraná. 2023. Dissertação (Mestrado em Geociências e Meio Ambiente) - Universidade Estadual Paulista Júlio de Mesquita Filho."
2020,Giancarlo Scardia,Mestrado,"Scardia, Giancarlo; SAVIAN, J. F.; MATOS DA SILVA, S. A. Participação em banca de Marcela Aragão. Magnetoestratigrafia do Grupo Passa Dois e da Formação Piramboia na porção nordeste da Bacia do Paraná. 2020. Dissertação (Mestrado em Geociências e Meio Ambiente) - Universidade Estadual Paulista Júlio de Mesquita Filho."
2020,Giancarlo Scardia,Mestrado,"JOVANE, L.; SCARDIA, G.; SAVIAN, J. F.. Participação em banca de de Souza, Ana Paula de Martini. Magnetostratigraphy of the Eocene-Oligocene Interval: New paleoenvironmental interpretations on the closure of the Neotethys Ocean. 2020. Dissertação (Mestrado em Oceanografia Química e Geológica) - Universidade de São Paulo."
2020,Giancarlo Scardia,Mestrado,"SCARDIA, G.; JOVANE, L.; MESQUITA, A.. Participação em banca de José Augusto Proença Maia Devienne. Aquisição de magnetização remanente viscosa em rochas: uma abordagem experimental. 2020. Dissertação (Mestrado em Física) - Universidade Estadual Paulista Júlio de Mesquita Filho."
2022,Giancarlo Scardia,Doutorado,"PERINOTTO, J. A. J.; Scardia, Giancarlo; WARREN, L. V.; VINCENTELLI, M. G. C.; PEREZ, E. J. M.. Participação em banca de Rodrigo Novo Real. Avaliação do potencial gerador de hidrocarbonetos na Bacia de Punta del Este (offshore do Uruguai). 2022. Tese (Doutorado em Geociências e Meio Ambiente) - Universidade Estadual Paulista Júlio de Mesquita Filho."
2021,Giancarlo Scardia,Doutorado,"WARREN, L. V.; Scardia, G.; MAGNAVITA, L. P.; LOPES, M. R. F.; MORALES, N.. Participação em banca de Milena Cristina Rosa. Evolução tectono-sedimentar da fase rifte da Bacia do Araripe, Nordeste do Brasil. 2021. Tese (Doutorado em Geociências e Meio Ambiente) - Universidade Estadual Paulista Júlio de Mesquita Filho."
2020,Giancarlo Scardia,Qualificação de Doutorado,"MORALES, N.; ASSINE, M. L.; SCARDIA, G.. Participação em banca de Milena Cristina Rosa. Evolução Tectono-Sedimentar da Fase Rifte da Bacia do Araripe, Nordeste do Brasil. 2020. Exame de qualificação (Doutorando em Geociências e Meio Ambiente) - Universidade Estadual Paulista Júlio de Mesquita Filho."
2022,Giancarlo Scardia,Qualificação de Mestrado,"Scardia, G.; BRANDT, D. C. P. C.; GOBBO, S. R.. Participação em banca de Malena Sandim Bispo. Análise Paleomagnética da Bacia Bauru (Cretáceo) nos Estados de São Paulo e Paraná. 2022. Exame de qualificação (Mestrando em Geociências e Meio Ambiente) - Universidade Estadual Paulista Júlio de Mesquita Filho."
2020,Giancarlo Scardia,Qualificação de Mestrado,"SCARDIA, G.; GOZZI, G. F.; MESQUITA, A.. Participação em banca de José Augusto Proença Maia Devienne. Influência da magnetização viscosa remanente sobre o momento magnético total das rochas. 2020. Exame de qualificação (Mestrando em Física) - Universidade Estadual Paulista Júlio de Mesquita Filho."
2024,Giancarlo Scardia,TCC,"ROHN, R.; SCARDIA, G.; SOUSA, I. A.. Participação em banca de Murílo de Oliveira Martins.Análise das formações Serra Alta e Teresina (Permiano, Bacia do Paraná) em subsuperfície na região de Sapopema (PR). 2024. Trabalho de Conclusão de Curso (Graduação em Geologia) - Universidade Estadual Paulista Júlio de Mesquita Filho."
2024,Giancarlo Scardia,TCC,"SCARDIA, G.; CAETANO FILHO, S.; CARLOS, D. U.. Participação em banca de Renato Francischet Domingos.Magnetoestratigrafia do Testemunho 2-SMC-2-AL, Formação Morro Do Chaves, Bacia Sergipe-Alagoas. 2024. Trabalho de Conclusão de Curso (Graduação em Geologia) - Universidade Estadual Paulista Júlio de Mesquita Filho."
2021,Giancarlo Scardia,TCC,"SCARDIA, G.; MORALES, N.; BATEZELLI, A.. Participação em banca de João Carlos Cerqueira.Análise Estratigráfica e Paleomagnética da Bacia de Lavras da Mangabeira. 2021. Trabalho de Conclusão de Curso (Graduação em Geologia) - Universidade Estadual Paulista Júlio de Mesquita Filho."
2023,Giancarlo Scardia,Outros,"Scardia, Giancarlo; BATEZELLI, A.; VESELY, F. F.. Concurso Publico para uma vaga de Professor da Carreira de Magistério Superior. 2023. Universidade Estadual Paulista Júlio de Mesquita Filho."
2021,Giancarlo Scardia,Outros,"MOREIRA, C. A.; GODOY, A. M.; SCARDIA, G.. Contratação de Professor Substituto. 2021. Universidade Estadual Paulista Júlio de Mesquita Filho."
2021,Giancarlo Scardia,Outros,"BONOTTO, D. M.; Scardia, Giancarlo; WARREN, L. V.. Contratação de Professor Substituto. 2021. Universidade Estadual Paulista Júlio de Mesquita Filho."
2023,Guillermo Rafael Beltran Navarro,Mestrado,"CONCEIAO, F. T.; NAVARRO, G. R. B.; LADEIRA, F. S. B.. Participação em banca de Davi Diorio Parrotti. Depósitos supérgenos de manganês na região de Ouro Fino e Careaçu, Minas Gerais: caracterização mineralógica e química mineral. 2023. Dissertação (Mestrado em Geociências e Meio Ambiente) - Universidade Estadual Paulista Júlio de Mesquita Filho."
2023,Guillermo Rafael Beltran Navarro,Doutorado,"NAVARRO, G. R. B.; ZANARDO, A.; MORALES, N.; LIMA, F. G.; SANTOS, T. J. S.. Participação em banca de Thaís Güitzlaf Leme. A Paleozona de Sutura de Alterosa entre as zonas de cisalhamento Varginha e Campos Gerais (SW do estado de Minas Gerais): Metamorfismo de fácies granulito de alta pressão. 2023. Tese (Doutorado em Geociências e Meio Ambiente) - Universidade Estadual Paulista Júlio de Mesquita Filho."
2022,Guillermo Rafael Beltran Navarro,Qualificação de Doutorado,"NAVARRO, G. R. B.; LIMA, F. G.; MORALES, N.. Participação em banca de THAÍS GÜITZLAF LEME. Metamorfismo das rochas do Grupo Araxá entre as zonas de cisalhamento Varginha e Campos Gerais, Região de Guaxupé - Nova Resende, MG.. 2022. Exame de qualificação (Doutorando em Geociências e Meio Ambiente) - Universidade Estadual Paulista Júlio de Mesquita Filho."
2022,Guillermo Rafael Beltran Navarro,Qualificação de Mestrado,"CONCEIAO, F. T.; ROSOLEN, V. S.; NAVARRO, G. R. B.. Participação em banca de DAVI DIORIO PARROTTI. Caracterização e Geocronologia 40Ar/39Ar dos Óxidos de Manganês na Região de Jacutinga, Minas Gerais.. 2022. Exame de qualificação (Mestrando em Geociências e Meio Ambiente) - Universidade Estadual Paulista Júlio de Mesquita Filho."
2022,Guillermo Rafael Beltran Navarro,Outros,"GODOY, A. M.; MORALES, N.; NAVARRO, G. R. B.. Concurso Público, para contratação de Prof. Substituto. 2022. Universidade Estadual Paulista Júlio de Mesquita Filho."
2022,Rosemarie Rohn Davies,Mestrado,"Rohn, Rosemarie; FAIRCHILD, T. R.; ZAINE, M. F.. Participação em banca de MARIANA MIDORI IKEDA MIURA. Análise petrográfica de rochas carbonáticas das Formações Serra Alta e Teresina (Permiano, Bacia do Paraná). 2022. Dissertação (Mestrado em Geociências e Meio Ambiente) - Universidade Estadual Paulista Júlio de Mesquita Filho."
2020,Rosemarie Rohn Davies,Mestrado,"IANNUZZI, R.; DUTRA, T. L.; BOARDMAN, D. R.; Rohn, R.. Participação em banca de Fernanda Picoli Zardo. Novas formas pecopterídeas da Formação Rio Bonito, Permiano Inferior da Bacia do Paraná. 2020. Dissertação (Mestrado em Geociências) - Universidade Federal do Rio Grande do Sul."
2022,Rosemarie Rohn Davies,Doutorado,"VESELY, F. F.; Rohn, Rosemarie; BUSO, V. V.; FRANCA, A. B.; SOUZA, P. A.. Participação em banca de THAMMY ELLIN MOTTIN. STRATIGRAPHIC RECORD OF ENVIRONMENTAL CHANGES DURING THE LATE PALEOZOIC GLACIAL-POSTGLACIAL TRANSITION IN NORTHEASTERN PARANÁ BASIN, BRAZIL. 2022. Tese (Doutorado em PROGRAMA DE PÓS-GRADUAÇÃO GEOLOGIA) - Universidade Federal do Paraná."
2023,Rosemarie Rohn Davies,TCC,"SCARDIA, G.; SOUZA, I. A.; Rohn, R.. Participação em banca de Juliana Areias Falcão.Determinação do polo paleomagnético do Grupo Passa Dois e da Formação Piramboia no setor nordeste da Bacia do Paraná.. 2023. Trabalho de Conclusão de Curso (Graduação em Geologia) - Universidade Estadual Paulista Júlio de Mesquita Filho."
2023,Rosemarie Rohn Davies,TCC,"Rohn, R.; SOUZA, I. A.; CAETANO FILHO, S.. Participação em banca de Priscila Figueiredo Rodrigues.Interpretação da tectônica sindeposicional da Formação Irati na porção leste e nordeste da Bacia do Paraná conforme dados de subsuperfície.. 2023. Trabalho de Conclusão de Curso (Graduação em Geologia) - Universidade Estadual Paulista Júlio de Mesquita Filho."
2023,Rosemarie Rohn Davies,TCC,"Rohn, R.; SOUZA, I. A.; ZAINE, J. E.. Participação em banca de Alexandre Nasser Brolezzi Menezes.Análise e correlação estratigráfica de camadas deformadas do Membro Assistência da Formação Irati, Bacia do Paraná.. 2023. Trabalho de Conclusão de Curso (Graduação em Geologia) - Universidade Estadual Paulista Júlio de Mesquita Filho."
2022,Rosemarie Rohn Davies,TCC,"Rohn, Rosemarie; NEREGATO, R.; BOARDMAN, D. R.. Participação em banca de Amanda Molina de Souza.Sphenophyllum e evidências de fitofagia em novo afloramento da Formação Rio do Rasto (Guadalupiano) em Prudentópolis (PR). 2022. Trabalho de Conclusão de Curso (Graduação em Geologia) - Universidade Estadual Paulista Júlio de Mesquita Filho."
2021,Rosemarie Rohn Davies,Outros,"Rohn, R.; GALLO, V.; DAROSA, A. A. S.. Concurso público para contratação de um professor substituto no conjunto de disciplinas Geologia, Paleobiologia e Paleoecologia do Departamento de Geologia do IGCE/UNESP, Rio Claro.. 2021. Universidade Estadual Paulista Júlio de Mesquita Filho."
2024,César Augusto Moreira,Mestrado,"MOREIRA, C.A.; ISLER, E.; HELENE, L. P. I.. Participação em banca de Reinaldo António Domingos. Modelo geoeléctrico geológico das formações do complexo cristalino de base do distrito de Mavago, Niassa, Moçambique. 2024. Dissertação (Mestrado em Geociências e Meio Ambiente) - Universidade Estadual Paulista Júlio de Mesquita Filho."
2024,César Augusto Moreira,Mestrado,"MOREIRA, C.A.; ROSOLEN, V. S.; Ferreira, M.E.. Participação em banca de Felipe Queiroz Miano. Hidrologia superficial e subsuperficial em uma área úmida integrando imagens RPAS e medidas ""in situ"". 2024. Dissertação (Mestrado em Geociências e Meio Ambiente) - Universidade Estadual Paulista Júlio de Mesquita Filho."
2024,César Augusto Moreira,Mestrado,"MACHADO, R.; MOREIRA, C.A.; NUMMER, A. R.. Participação em banca de Francisco Raimundo. Estudo da província pegmatítica de Alto-Ligonha em Nacala Velha, nordeste de Moçambique: uso de dados de Sensoreamento Remoto e Geofísicos. 2024. Dissertação (Mestrado em Geociências (Recursos Minerais e Hidrogeologia)) - Universidade de São Paulo."
2023,César Augusto Moreira,Mestrado,"PORSANI, J. L.; TOMI, G. F. C.; MOREIRA, C.A.. Participação em banca de Nathália de Souza Penna. Investigações geofísicas em apoio à elaboração de plano de lavra em mina de Mármore na região de Campos do Jordão, SP. 2023. Dissertação (Mestrado em Geofísica) - Universidade de São Paulo."
2023,César Augusto Moreira,Mestrado,"PORSANI, J. L.; RODOVALHO, E. C.; MOREIRA, C. A.. Participação em banca de Victor Hugo Hott Costa. Utilização de métodos geofísicos para caracterização de depósito de areia em apoio à elaboração de plano de lavra na região de Leme, SP. 2023. Dissertação (Mestrado em Geofísica) - Universidade de São Paulo."
2023,César Augusto Moreira,Mestrado,"MOREIRA, C.A.; HELENE, L. P. I.; WAGNER, C.. Participação em banca de Fernanda Miranda de Siqueira Buchi. Diagnóstico geofísico da percolação de drenagem ácida de mina em aquífero fraturado. 2023. Dissertação (Mestrado em Geociências e Meio Ambiente) - Universidade Estadual Paulista Júlio de Mesquita Filho."
2023,César Augusto Moreira,Mestrado,"HARTWIG, M. E.; MOREIRA, C.A.; CARVALHO, C. H. G.. Participação em banca de Garion Guidotti de Souza dos Santos. Análise estrutural de taludes a partir de produtos derivados de imagens de RPA. 2023. Dissertação (Mestrado em Geociências e Meio Ambiente) - Universidade Estadual Paulista Júlio de Mesquita Filho."
2022,César Augusto Moreira,Mestrado,"MOREIRA, C.A.; HELENE, L. P. I.; ISLER, E.. Participação em banca de Matheus Mistrinel Pacine Feitoza do Nascimento. Análise da influência de canal de desvio na geração de drenagem ácida em pilha de rejeito de mineração de Urânio. 2022. Dissertação (Mestrado em Geociências e Meio Ambiente) - Universidade Estadual Paulista Júlio de Mesquita Filho."
2022,César Augusto Moreira,Mestrado,"HARTWIG, M. E.; SILVA, A. Q.; MOREIRA, C.A.. Participação em banca de Gabrieli Santos Boulhosa. Estudo sobre os deslocamentos superficiais dos taludes do Setor GW da Mina de Fe de Brucutu (Quadrilátero Ferrífero-MG) por meio de dados de radar orbital. 2022. Dissertação (Mestrado em Geociências e Meio Ambiente) - Universidade Estadual Paulista Júlio de Mesquita Filho."
2021,César Augusto Moreira,Mestrado,"MOREIRA, C A; FACHIN, S. J. S.; SOUZA, L. S. B.. Participação em banca de Mariana Vieira Galvão de Oliveira. Diagnóstico geofísico em área de recarga do aquífero Guarani na região da Serra do Itaqueri, Ipeúna (SP). 2021. Dissertação (Mestrado em Geociências e Meio Ambiente) - Universidade Estadual Paulista Júlio de Mesquita Filho."
2021,César Augusto Moreira,Mestrado,"MOREIRA, C.A.; BONOTTO, D. M.; MACHADO, F. B.. Participação em banca de Anna Carolina Gastmaier Marques. Análise gamaespectrométrica em pilha de rejeito de mina de Urânio e suas relações com a geração de drenagem ácida de mina. 2021. Dissertação (Mestrado em Geociências e Meio Ambiente) - Universidade Estadual Paulista Júlio de Mesquita Filho."
2020,César Augusto Moreira,Mestrado,"MOREIRA, C.A.; ELIS, V. R.; SCHMIDT, A. M.. Participação em banca de Débora Andrade Targa. Análise da geração de drenagem ácida de mina em pilha de estéril sulfetada a partir de levantamento geofísico e dados hidroquímicos. 2020. Dissertação (Mestrado em Geociências e Meio Ambiente) - Universidade Estadual Paulista Júlio de Mesquita Filho."
2020,César Augusto Moreira,Mestrado,"MOREIRA, C.A.; HELENE, L. P. I.; PEIXOTO, A. S. P.. Participação em banca de Fernanda Barbosa Bertuluci. Análise das condições de percolação em barragem de terra a partir do método geofísico da Eletrorresistividade. 2020. Dissertação (Mestrado em Geociências e Meio Ambiente) - Universidade Estadual Paulista Júlio de Mesquita Filho."
2020,César Augusto Moreira,Mestrado,"MOREIRA, C.A.; ROSOLEN, VANIA; BOVI, R. C.. Participação em banca de Bruna da Costa Lenko. Estudo geofísico em uma área úmida em zona de recarga do sistema aquifero Guaraní. 2020. Dissertação (Mestrado em Geociências e Meio Ambiente) - Universidade Estadual Paulista Júlio de Mesquita Filho."
2024,César Augusto Moreira,Doutorado,"MOREIRA, C.A.; RODOVALHO, E. C.; HELENE, L. P. I.; LIMA, M. V. A. G.; ROJAS, J. W. J.. Participação em banca de Beatriz Guzzo Duz. Análise da estabilidade de taludes de mineração a partir de parâmetros estáticos e dinâmicos. 2024. Tese (Doutorado em Geociências e Meio Ambiente) - Universidade Estadual Paulista Júlio de Mesquita Filho."
2024,César Augusto Moreira,Doutorado,"MOREIRA, C.A.; PORSANI, J. L.; BORGES, W.; PEROSI, F. A.; CAMARERO, P. L.. Participação em banca de Leonides Guireli Neto. Estudo integrado de geofísica e geologia estrutural na identificação do fluxo hidrogeológico em barragem e bacias de decantação de mina de urânio em descomissionamento. 2024. Tese (Doutorado em Geociências e Meio Ambiente) - Universidade Estadual Paulista Júlio de Mesquita Filho."
2024,César Augusto Moreira,Doutorado,"MOREIRA, C.A.; CARLOS, D. U.; HELENE, L. P. I.; WEILER, J.; KEMERICH, P. D. C.. Participação em banca de Lenon Melo Ilha. Uso de técnicas de exploração mineral no estudo de passivos ambientais em mina de Urânio em fase de descomissionamento. 2024. Tese (Doutorado em Geociências e Meio Ambiente) - Universidade Estadual Paulista Júlio de Mesquita Filho."
2023,César Augusto Moreira,Doutorado,"Rosolen, V. S.; FERREIRA, MANUEL EDUARDO; Sales, J.C.; BOVI, R. C.; MOREIRA, C A. Participação em banca de Lucas Moreira Furlan. Imageamento superficial e subsuperficial para a caracterização hidrodinâmica de áreas úmidas isoladas da Depressão Periférica Paulista. 2023. Tese (Doutorado em Geociências e Meio Ambiente) - Universidade Estadual Paulista Júlio de Mesquita Filho."
2023,César Augusto Moreira,Doutorado,"BOLOGNA, M. S.; MOREIRA, C.A.; PORSANI, J. L.. Participação em banca de Marina Fernandes Sanches Barros. Integração de métodos geofísicos e métodos de alta resolução na investigação geoambiental. 2023. Tese (Doutorado em Geofísica) - Universidade de São Paulo."
2023,César Augusto Moreira,Doutorado,"MOREIRA, C.A.; ROSOLEN, V. S.; FACHIN, S. J. S.; LIMA, M. V. A. G.; HANSEN, Marco Antonio Fontoura. Participação em banca de Matheus Felipe Stanfoca Casagrande. Estudo das funções hidrogeológicas e impactos ambientais em área úmida geograficamente isolada em regiões de cultivo de cana-de-açúcar. 2023. Tese (Doutorado em Geociências e Meio Ambiente) - Universidade Estadual Paulista Júlio de Mesquita Filho."
2022,César Augusto Moreira,Doutorado,"MOREIRA, C.A.; HANSEN, Marco Antonio Fontoura; ELIS, V. R.; ROSOLEN, VANIA; SOUZA, L. S. B.. Participação em banca de Fernanda Teles Gomes Rosa. Diagnóstico geofísico e hidrogeológico de Área Úmida na Depressão Periférica Paulista (município de Araras - SP). 2022. Tese (Doutorado em Geociências e Meio Ambiente) - Universidade Estadual Paulista Júlio de Mesquita Filho."
2022,César Augusto Moreira,Doutorado,"MOREIRA, C.A.; ELIS, V. R.; TONELLO, P. S.; CROZERA, E. H.; CAVALLARO, F. A.. Participação em banca de Wagner França Aquino. Método geofísico de resistividade capacitiva na avaliação ambiental de contaminação subterrânea por diferentes fontes. 2022. Tese (Doutorado em Ciências Ambientais) - Universidade Estadual Paulista Júlio de Mesquita Filho."
2021,César Augusto Moreira,Doutorado,"ROSOLEN, VANIA; MOREIRA, C A; JUNIOR, ILIO RODARTE FARIA; SARDINHA, DIEGO DE SOUZA; Bueno, G.T.. Participação em banca de Carla Vanessa de Sousa Coelho. Prospecção e caracterização geoquímica e mineralógica das argilas altamente aluminosas da Formação Marília. 2021. Tese (Doutorado em Geociências e Meio Ambiente) - Universidade Estadual Paulista Júlio de Mesquita Filho."
2021,César Augusto Moreira,Doutorado,"MACHADO, Fábio Braz; MOREIRA, C A; SANTOS, V. M. N.; BELLO, M. E. R. B.; IMBERNON, R. A. L.. Participação em banca de Danilo Missias Teixeira. Análise das contribuições de uma proposta lúdica para o estudo de conceitos de Geociências no ensino médio. 2021. Tese (Doutorado em Geociências e Meio Ambiente) - Universidade Estadual Paulista Júlio de Mesquita Filho."
2021,César Augusto Moreira,Doutorado,"MOREIRA, C A; HARTWIG, M. E.; FACHIN, S. J. S.; GOMES, C. H.; CLEMENTE, I. M.. Participação em banca de Pedro Lemos Camarero. Estudo Integrado de Geofísica e Geologia Estrutural na Identificação de Drenagem Ácida em Mina de Urânio. 2021. Tese (Doutorado em Geociências e Meio Ambiente) - Universidade Estadual Paulista Júlio de Mesquita Filho."
2020,César Augusto Moreira,Doutorado,"WENDLAND, E. C.; SILVA, M. B. A. V.; MOREIRA, C.A.; CASTILHOS JUNIOR, A. B.; HIRATA, R. C. A.. Participação em banca de Alice Kimie Martins Morita. Efeitos de impermeabilização superficial parcial na mobilização de contaminantes e na comunidade microbiana em depósito de resíduos desativado. 2020. Tese (Doutorado em Engenharia Hidráulica e Saneamento) - Universidade de São Paulo."
2020,César Augusto Moreira,Doutorado,"GASTMANS, D.; MOREIRA, C.A.; PEREIRA, S. Y.; GALVAO, P. H. F.; BORMA, L. S.. Participação em banca de Lucas Vituri Santarosa. Impactos antropogênicos e climáticos nos processos hidrológicos: uma abordagem múltipla sobre o papel das águas subterrâneas na resiliência hídrica das bacias PCJ e TJ. 2020. Tese (Doutorado em Geociências e Meio Ambiente) - Universidade Estadual Paulista Júlio de Mesquita Filho."
2024,César Augusto Moreira,Qualificação de Doutorado,"UIEDA, L.; MOREIRA, C.A.; MENDONÇA, C. A.. Participação em banca de Letícia Rangel Dantas. Observatório de zona crítica na cidade de São Paulo: estudo de impactos antropogênicos. 2024. Exame de qualificação (Doutorando em Geofísica) - Universidade de São Paulo."
2023,César Augusto Moreira,Qualificação de Doutorado,"MOREIRA, C.A.; ROSOLEN, VANIA; FERREIRA, MANUEL EDUARDO. Participação em banca de Lucas Moreira Furlan. Imageamento superficial e subsuperficial para a caracterização hidrodinâmica de áreas úmidas isoladas da Depressão Periférica Paulista. 2023. Exame de qualificação (Doutorando em Geociências e Meio Ambiente) - Universidade Estadual Paulista Júlio de Mesquita Filho."
2023,César Augusto Moreira,Qualificação de Doutorado,"MOREIRA, C.A.; FRIES, M.; MACHADO, F. B.. Participação em banca de Lenon Melo Ilha. Estudo de passivos ambientais em mineração de Urânio por meio de Magnetometria e Gamaespectrometria, Mina Osami Utsumi, Caldas - MG. 2023. Exame de qualificação (Doutorando em Geociências e Meio Ambiente) - Universidade Estadual Paulista Júlio de Mesquita Filho."
2023,César Augusto Moreira,Qualificação de Doutorado,"MOREIRA, C.A.; BORGES, W.; PEROSI, F. A.. Participação em banca de Leonides Guireli Netto. Análise da estabilidade física de empreendimentos mineiros em mina de urâncio em descomissionamento através da análise estrutural e métodos geofísicos. 2023. Exame de qualificação (Doutorando em Geociências e Meio Ambiente) - Universidade Estadual Paulista Júlio de Mesquita Filho."
2022,César Augusto Moreira,Qualificação de Doutorado,"PEIXOTO, A. S. P.; MOREIRA, C.A.; MENDONCA, M. B.. Participação em banca de Tamara Vieira Pascoto. Desenvolvimento de metodologia para elaboração de carta de risco de desastres naturais decorrentes de processos Hidrogeológicos. 2022. Exame de qualificação (Doutorando em Engenharia Civil e Ambiental) - Universidade Estadual Paulista Júlio de Mesquita Filho."
2022,César Augusto Moreira,Qualificação de Doutorado,"TONELLO, P. S.; ELIS, V. R.; MOREIRA, C.A.. Participação em banca de Wagner França Aquino. Método geofísico de resistividade capacitiva na avaliação ambiental de contaminação subterrânea por diferentes fontes. 2022. Exame de qualificação (Doutorando em Ciências Ambientais) - Universidade Estadual Paulista Júlio de Mesquita Filho."
2022,César Augusto Moreira,Qualificação de Doutorado,"ROSOLEN, VANIA; FERREIRA, MANUEL EDUARDO; MOREIRA, C.A.. Participação em banca de Lucas Moreira Furlan. Hidrodinâmica superficial e subsuperficial de áreas úmidas geograficamente isoladas da Depressão Periférica Paulista. 2022. Exame de qualificação (Doutorando em Geociências e Meio Ambiente) - Universidade Estadual Paulista Júlio de Mesquita Filho."
2022,César Augusto Moreira,Qualificação de Doutorado,"MOREIRA, C A; HANSEN, Marco Antonio Fontoura; Rosolen, V. S.. Participação em banca de Matheus Felipe Stanfoca Casagrande. Estudo das funções hidrogeológicas e ecológicas de área úmida geograficamente isolada em regiões de cultivo de cana-de-açúcar. 2022. Exame de qualificação (Doutorando em Geociências e Meio Ambiente) - Universidade Estadual Paulista Júlio de Mesquita Filho."
2021,César Augusto Moreira,Qualificação de Doutorado,"MOREIRA, C.A.; HANSEN, MARCO ANTONIO; ROSOLEN, VANIA. Participação em banca de Fernanda Teles Gomes Rosa. Diagnóstico geofísico e hidrológico de Área Úmida na Depressão Periférica Paulista no município de Araras - SP. 2021. Exame de qualificação (Doutorando em Geociências e Meio Ambiente) - Universidade Estadual Paulista Júlio de Mesquita Filho."
2020,César Augusto Moreira,Qualificação de Doutorado,"GASTMANS, D.; MOREIRA, C.A.; GALVAO, P. H. F.. Participação em banca de Lucas Vituri Santarosa. Isótopos ambientais (H e O): desvendando as origens das águas superficiais em bacias hidrográficas do Estado de São Paulo. 2020. Exame de qualificação (Doutorando em Geociências e Meio Ambiente) - Universidade Estadual Paulista Júlio de Mesquita Filho."
2024,César Augusto Moreira,Qualificação de Mestrado,"MOREIRA, C.A.; Rosolen, V. S.; HANSEN, Marco Antonio Fontoura. Participação em banca de Felipe Queiroz Miano. Análise de variáveis climáticas e geológicas na influência da disponibilidade hídrica em área úmida fechada. 2024. Exame de qualificação (Mestrando em Geociências e Meio Ambiente) - Universidade Estadual Paulista Júlio de Mesquita Filho."
2024,César Augusto Moreira,Qualificação de Mestrado,"Rosolen, V. S.; MOREIRA, C.A.; MARTINS, E. S.. Participação em banca de Luís Felipe Bruno Locatelli. Avaliação do potencial remineralizador de um pó de rocha composto de material estéril e subproduto de pedreiras das formações Irati e Serra Geral. 2024. Exame de qualificação (Mestrando em Geociências e Meio Ambiente) - Universidade Estadual Paulista Júlio de Mesquita Filho."
2024,César Augusto Moreira,Qualificação de Mestrado,"MOREIRA, C.A.; HELENE, L. P. I.; ISLER, E.. Participação em banca de Ana Julia Traiba da Silveira. Análise de fluxo subterrâneo em interface mina a céu aberto e pilhas de rejeito em mineração de urânio por meio de investigação geofísica. 2024. Exame de qualificação (Mestrando em Geociências e Meio Ambiente) - Universidade Estadual Paulista Júlio de Mesquita Filho."
2024,César Augusto Moreira,Qualificação de Mestrado,"MOREIRA, C.A.; HELENE, L. P. I.; ISLER, E.. Participação em banca de Ana Julia Traiba da Silveira. Análise de fluxo subterrâneo em interface mina a céu aberto e pilhas de rejeito em mineração de urânio por meio de investigação geofísica. 2024. Exame de qualificação (Mestrando em Geociências e Meio Ambiente) - Universidade Estadual Paulista Júlio de Mesquita Filho."
2023,César Augusto Moreira,Qualificação de Mestrado,"MOREIRA, C.A.; HELENE, L. P. I.; ISLER, E.. Participação em banca de Reinaldo António Domingos. Modelo Geoeléctrico- Geológico das Formações do Complexo Cristalino de Base no Distrito de Mavago, Niassa, Moçambique. 2023. Exame de qualificação (Mestrando em Geociências e Meio Ambiente) - Universidade Estadual Paulista Júlio de Mesquita Filho."
2021,César Augusto Moreira,Qualificação de Mestrado,"MOREIRA, C.A.; BONOTTO, D. M.; ROSOLEN, VANIA. Participação em banca de Anna Carolina Gastmaier Marques. Análise de emanações radioativas em pilhas de rejeitos de mineração de urânio e suas relações com a geração de drenagem ácida de mina. 2021. Exame de qualificação (Mestrando em Geociências e Meio Ambiente) - Universidade Estadual Paulista Júlio de Mesquita Filho."
2021,César Augusto Moreira,Qualificação de Mestrado,"MOREIRA, C.A.; GASTMANS, D.; HELENE, L. P. I.. Participação em banca de Mariana Vieira Galvão de Oliveira. Diagnóstico geofísico em área de recarga do Aquífero Guarani na região da Serra do Itaqueri, Ipeúna (SP). 2021. Exame de qualificação (Mestrando em Geociências e Meio Ambiente) - Universidade Estadual Paulista Júlio de Mesquita Filho."
2021,César Augusto Moreira,Qualificação de Mestrado,"MOREIRA, C.A.; HELENE, L. P. I.; Rosolen, V. S.. Participação em banca de Matheus Mistrinel Pacine Feitoza do Nascimento. Análise da influência de canal de desvio na geração de drenagem ácida em pilha de rejeito de mineração de Urânio. 2021. Exame de qualificação (Mestrando em Geociências e Meio Ambiente) - Universidade Estadual Paulista Júlio de Mesquita Filho."
2021,César Augusto Moreira,Qualificação de Mestrado,"HARTWIG, M. E.; MOREIRA, C.A.; SILVA, A. Q.. Participação em banca de Gabrieli Santos Boulhosa. Estudo dos deslocamentos superficiais dos taludes do setor EX-GW da mina de ferro Brucutu (Quadrilátero Ferrífero-MG) por meio de dados de radar orbital. 2021. Exame de qualificação (Mestrando em Geociências e Meio Ambiente) - Universidade Estadual Paulista Júlio de Mesquita Filho."
2020,César Augusto Moreira,Qualificação de Mestrado,"MOREIRA, C.A.; GODOY, D. F.; HELENE, L. P. I.. Participação em banca de Débora Andrade Targa. Análise da geração de drenagem ácida de mina em pilha de estéril sulfetada a partir de levantamento geofísico e dados hidroquímicos. 2020. Exame de qualificação (Mestrando em Geociências e Meio Ambiente) - Universidade Estadual Paulista Júlio de Mesquita Filho."
2020,César Augusto Moreira,Qualificação de Mestrado,"MOREIRA, C.A.; SOUZA, I. A.; Rosolen, V. S.. Participação em banca de Stephanie de Freitas Schorcht. Levantamento estrutural e geofísico em área de recarga do Sistema Aquifero Guaraní em Ipeúna (SP). 2020. Exame de qualificação (Mestrando em Geociências e Meio Ambiente) - Universidade Estadual Paulista Júlio de Mesquita Filho."
2024,César Augusto Moreira,TCC,"MOREIRA, C.A.; CARLOS, D. U.; DUZ, B. G.. Participação em banca de Aline Baldin de Araújo.Eletrorresistividade aplicada à captação de água subtarrânea: estudo na fazenda Nova. 2024. Trabalho de Conclusão de Curso (Graduação em Geologia) - Universidade Estadual Paulista Júlio de Mesquita Filho."
2024,César Augusto Moreira,TCC,"MOREIRA, C.A.; CARLOS, D. U.; DUZ, B. G.. Participação em banca de Camila Fernanda Ferreira dos Santos.Estudos geofísico para reconhecimento de contato geológico entre diabásio e granito na pedreira Mogiana, Mogi Mirim (MG). 2024. Trabalho de Conclusão de Curso (Graduação em Geologia) - Universidade Estadual Paulista Júlio de Mesquita Filho."
2023,César Augusto Moreira,TCC,"MOREIRA, C.A.; ILHA, L. M.; HELENE, L. P. I.. Participação em banca de Luiza Alves de Lima.Analise geofísica e estrutural em taludes de mina a céu aberto, Mina Osamu Utsumi, Caldas (MG). 2023. Trabalho de Conclusão de Curso (Graduação em Geologia) - Universidade Estadual Paulista Júlio de Mesquita Filho."
2023,César Augusto Moreira,TCC,"SCARDIA, G.; MOREIRA, C. A.; SOUZA, I. A.. Participação em banca de Gabriela Cassamasso.Análise paleomagnética das rochas basálticas entre as formações Piramboia e Botucatu nos municípios de Descalvado e Santa Rita do Passa Quatro (SP). 2023. Trabalho de Conclusão de Curso (Graduação em Geologia) - Universidade Estadual Paulista Júlio de Mesquita Filho."
2023,César Augusto Moreira,TCC,"MOREIRA, C.A.; SILVEIRA, A. J. T.; NETTO, L. G.. Participação em banca de Henrique Marchiori Bianchi.Diagnóstico geofísico para identificação de zonas de fluxo em bacias de estabilização química em mineração de urânio. 2023. Trabalho de Conclusão de Curso (Graduação em Geologia) - Universidade Estadual Paulista Júlio de Mesquita Filho."
2023,César Augusto Moreira,TCC,"SCARDIA, G.; MOREIRA, C A; SOUZA, I. A.. Participação em banca de Caíque Giovanni.Análise paleomagnética dos basaltos entre as formações Pirambóia e Botucatu no nordeste do estado de São Paulo. 2023. Trabalho de Conclusão de Curso (Graduação em Geologia) - Universidade Estadual Paulista Júlio de Mesquita Filho."
2022,César Augusto Moreira,TCC,"MOREIRA, C.A.; DUZ, B. G.; CASAGRANDE, M. F. S.. Participação em banca de Ana Júlia Traíba da Silveira.Diagnóstico de fluxo subterrâneo de drenagem ácida de mina em rejeitos de mineração de urânio. 2022. Trabalho de Conclusão de Curso (Graduação em Engenharia Ambiental) - Universidade Estadual Paulista Júlio de Mesquita Filho."
2022,César Augusto Moreira,TCC,"MOREIRA, C.A.; DUZ, B. G.; CASAGRANDE, M. F. S.. Participação em banca de Rebeca de Marchi Lourenço.Diagnóstico geofísico em posto de combustível numa mineração em fase de descomissionamento. 2022. Trabalho de Conclusão de Curso (Graduação em Engenharia Ambiental) - Universidade Estadual Paulista Júlio de Mesquita Filho."
2022,César Augusto Moreira,TCC,"SCARDIA, G.; ROHN, R.; MOREIRA, C.A.. Participação em banca de Eloisa Pilon Franco de Campos.Estudo cicloestratigráfico da Formação Irati - Bacia do Paraná. 2022. Trabalho de Conclusão de Curso (Graduação em Geologia) - Universidade Estadual Paulista Júlio de Mesquita Filho."
2022,César Augusto Moreira,TCC,"MOREIRA, C.A.; ILHA, L. M.; DUZ, B. G.. Participação em banca de Bruna Viana Sampaio.Estudo da dispersão de elementos radioativos em cava de mina a céu aberto por meio de levantamento gamaespectrométrico. 2022. Trabalho de Conclusão de Curso (Graduação em Geologia) - Universidade Estadual Paulista Júlio de Mesquita Filho."
2022,César Augusto Moreira,TCC,"MOREIRA, C.A.; ILHA, L. M.; DUZ, B. G.. Participação em banca de Victor Luis Domingos Diniz Cambraia.Caracterização de projeto para rampa de acesso por meio de modelamento geotécnico, mina Extremo Norte - Vazante (MG). 2022. Trabalho de Conclusão de Curso (Graduação em Geologia) - Universidade Estadual Paulista Júlio de Mesquita Filho."
2022,César Augusto Moreira,TCC,"MOREIRA, C.A.; CASAGRANDE, M. F. S.; Furlan, L.M.. Participação em banca de Thales de Freitas Tandel.Análise geológica de depósitos grafitosos em Capim Grosso (BA). 2022. Trabalho de Conclusão de Curso (Graduação em Geologia) - Universidade Estadual Paulista Júlio de Mesquita Filho."
2022,César Augusto Moreira,TCC,"MOREIRA, C.A.; ILHA, L. M.; CASAGRANDE, M. F. S.. Participação em banca de Ana Flávia Silva Araújo.Levantamento geológico e geofísico para reconhecimento de minério em mina de urânio a céu aberto. 2022. Trabalho de Conclusão de Curso (Graduação em Geologia) - Universidade Estadual Paulista Júlio de Mesquita Filho."
2022,César Augusto Moreira,TCC,"MOREIRA, CESAR AUGUSTO; CASAGRANDE, M. F. S.; DUZ, BEATRIZ GUZZO. Participação em banca de Gabriela Oliveira Stringuetti.Diagnóstico geofísico em posto de combustível numa mineração em fase de descomissionamento. 2022. Trabalho de Conclusão de Curso (Graduação em Engenharia Ambiental) - Universidade Estadual Paulista Júlio de Mesquita Filho."
2021,César Augusto Moreira,TCC,"MOREIRA, C.A.; ROSA, F. T. G.; Furlan, L.M.. Participação em banca de Davi Diorio Parrotti.Modelamento geofísico de diabásio para planejamento de lavra por meio da técnica de tomografia elétrica. 2021. Trabalho de Conclusão de Curso (Graduação em Geologia) - Universidade Estadual Paulista Júlio de Mesquita Filho."
2021,César Augusto Moreira,TCC,"ROSA, F. T. G.; CAMARERO, P. L.; MOREIRA, C.A.. Participação em banca de Letícia Alves Fontoura.Estudo gamaespectrométrico em pilhas de rejeito de mineração de urânio. 2021. Trabalho de Conclusão de Curso (Graduação em Geologia) - Universidade Estadual Paulista Júlio de Mesquita Filho."
2021,César Augusto Moreira,TCC,"LENHARE, B. D.; MOREIRA, C.A.; MARQUES, G. C.. Participação em banca de Juliana de Sousa Monteiro.Lineamentos estruturais extraídos a partir de SRTM e dados geofísicos: uma contribuição para a mineralização da região de Jatobá, depósito de Cu-Au de Chapada, Alto Horizonte (GO). 2021. Trabalho de Conclusão de Curso (Graduação em Geologia) - Universidade Estadual Paulista Júlio de Mesquita Filho."
2020,César Augusto Moreira,TCC,"MOREIRA, C.A.; CAMARERO, P. L.; ROSA, F. T. G.. Participação em banca de Carla Roberta Silva Costa.Analise comparativa entre técnica de medida de resistência elétrica no solo para aterramento e técnica geofísica de tomografia elétrica. 2020. Trabalho de Conclusão de Curso (Graduação em Engenharia Ambiental) - Universidade Estadual Paulista Júlio de Mesquita Filho."
2020,César Augusto Moreira,TCC,"MOREIRA, C.A.; CAMARERO, P. L.; ROSA, F. T. G.. Participação em banca de Eduardo Akira Hissayasu Menezes.Aplicação do método da Eletrorresistividade no estudo da continuidade em profundidade de rocha em pedreira de diabásio. 2020. Trabalho de Conclusão de Curso (Graduação em Geologia) - Universidade Estadual Paulista Júlio de Mesquita Filho."
2020,César Augusto Moreira,TCC,"MOREIRA, C A; ROSA, F. T. G.; CAMARERO, P. L.. Participação em banca de Arthur Pazinatto Antonio.Estudo hidrogeológico para locação de poços artesianos no sítio Cedrinho situado no município de Taquaritinga - SP. 2020. Trabalho de Conclusão de Curso (Graduação em Geologia) - Universidade Estadual Paulista Júlio de Mesquita Filho."
2022,César Augusto Moreira,Outros,"GARCIA FILHO, B. F.; BOURSCHEIDT, V.; MOREIRA, C.A.. Concurso público para docência nas disciplinas: Sensoriamento Remoto e Geoprocessamento. 2022."
2024,Regiane Andrade Fumes,Mestrado,"FUMES, R. A.; FALEIROS, F. M.; VIEGAS, L. G. F.. Participação em banca de João Victor Grella. ANÁLISE DA DEFORMAÇÃO DO QUARTZO PELOS GEOTERMÔMETROS DE TI NO QUARTZO E ÂNGULO DE ABERTURA DO EIXO-C EM ZONAS DE CISALHAMENTO NOS ORÓGENOS RIBEIRA E BRASÍLIA. 2024. Dissertação (Mestrado em Geociências e Meio Ambiente) - Universidade Estadual Paulista Júlio de Mesquita Filho."
2023,Regiane Andrade Fumes,Mestrado,"LUVIZOTTO, G. L.; FUMES, R. A.; VIEIRA, O. A. R. P.. Participação em banca de George William Clemente Junior. Geocronologia e Geotermometria das unidades intermediárias da Nappe de Passos (MG) e suas implicações tectônicas. 2023. Dissertação (Mestrado em Geociencias (Geociencias e Meio-Ambiente)) - Universidade Estadual Paulista Júlio de Mesquita Filho."
2022,Regiane Andrade Fumes,Mestrado,"MORAES, R.; FUMES, R. A.; AMARAL, W. S.. Participação em banca de Lucas Costa Medeiros. Estudo e modelamento metamórfico de rochas metapelíticas da Sequência Juscelândia, Goiás. 2022. Dissertação (Mestrado em Geociências (Mineralogia e Petrologia)) - Universidade de São Paulo."
2022,Regiane Andrade Fumes,Doutorado,"HEILBRON, MONICA; CUTTS, K.; DUSSIN, I. A.; FUMES, R. A.; DANTAS, E. L.; MOTA, R. G.; TUPINAMBA, M. A.; PEREIRA, F. C. F.. Participação em banca de Talitta Nunes Manoel. Uma perspectiva integrada do magmatismo básico da Faixa Ribeira Central: um estudo de caso do magmatismo básico da Bacia Andrelândia e do embasamento Paleoproterozóico das rochas do Complexo Juiz de Fora.. 2022. Tese (Doutorado em Geociências) - Universidade do Estado do Rio de Janeiro."
2022,Regiane Andrade Fumes,Qualificação de Doutorado,"HEILBRON, MONICA; DUSSIN, I. A.; CUTTS, K.; FUMES, R. A.; PEIXOTO, C.; GONCALVES, L.; DANTAS, E. L.. Participação em banca de Natalia Cota de Freitas. Múltiplos eventos tectônicos de um orógeno profundamente erodido: caracterização tectono metamórfica dos terrenos Oriental e Cabo Frio, Faixa Ribeira Central. 2022. Exame de qualificação (Doutorando em Geociências) - Universidade do Estado do Rio de Janeiro."
2024,Regiane Andrade Fumes,Qualificação de Mestrado,"FUMES, R. A.; FALEIROS, F. M.; VIEGAS, L. G. F.. Participação em banca de João Victor Grella. Análise da Deformação do Quartzo pelos Geotermômetros de Ti no Quartzo e Ângulo de Abertura do Eixo-C em Zonas de Cisalhamento nos Orógenos Ribeira e Brasília. 2024. Exame de qualificação (Mestrando em Geociências e Meio Ambiente) - Universidade Estadual Paulista Júlio de Mesquita Filho."
2024,Regiane Andrade Fumes,TCC,"FUMES, R. A.; MELO, R. P.; LUVIZOTTO, G. L.. Participação em banca de Emily Amanda Salvioni.MODELAGEM METAMÓRFICA ITERATIVA DA UNIDADE SANTO ANTÔNIO NA REGIÃO DE CAMPANHA - MG. 2024. Trabalho de Conclusão de Curso (Graduação em Geologia) - Universidade Estadual Paulista Júlio de Mesquita Filho."
2024,Regiane Andrade Fumes,TCC,"WESTIN, A. T.; ROCHA, B. C.; FUMES, R. A.. Participação em banca de Eduardo Zenko Taniguti de Oliveira.Modelagem termodinâmica de gnaisses com coesita da Nappe Três Pontas ? Varginha, Minas Gerais ? Brasil.. 2024. Trabalho de Conclusão de Curso (Graduação em Geologia) - Universidade de São Paulo."
2022,Regiane Andrade Fumes,TCC,"FUMES, R. A.; LEME, T. G.; SILVA, O. S. G.. Participação em banca de João Victor Grella.Análise da deformação através de mapas de catodoluminescência e do geotermômetro Ti no quartzo no Granito Capote no Cinturão Ribeira. 2022. Trabalho de Conclusão de Curso (Graduação em Geologia) - Universidade Estadual Paulista Júlio de Mesquita Filho."
2022,Regiane Andrade Fumes,TCC,"FUMES, R. A.; LUVIZOTTO, G. L.; VIEIRA, O. A. R. P.. Participação em banca de Gabriel Guimarães Pompeu.Caracterização petrográfica da suíte de xenólitos mantélicos do kimberlito Canastra-01 e aplicação do geotermômetro zircônio no rutilo em amostras de eclogito. 2022. Trabalho de Conclusão de Curso (Graduação em Geologia) - Universidade Estadual Paulista Júlio de Mesquita Filho."
2022,Regiane Andrade Fumes,TCC,"GASPAR, J. C.; FUMES, R. A.; MORAES, R.. Participação em banca de Luis Felipe Bruno Locatelli.Microssonda eletrônica aplicada à análise química de minerais selecionados do projeto ?Influência do magmatismo em rochas carbonáticas lacustres: análogos para a área de Libra. 2022. Trabalho de Conclusão de Curso (Graduação em Geologia) - Universidade Estadual Paulista Júlio de Mesquita Filho."
2022,Regiane Andrade Fumes,TCC,"LUVIZOTTO, G. L.; FUMES, R. A.; CLEMENCE JUNIOR, G. W.. Participação em banca de Lorenzo Tebaldi Capelane.Caracterização meMetamórfica e Geocronologia de rochas Eclogíticas da Nappe de Passos na Faixarasília, MG. 2022. Trabalho de Conclusão de Curso (Graduação em Geologia) - Universidade Estadual Paulista Júlio de Mesquita Filho."
2021,Regiane Andrade Fumes,TCC,"FUMES, R. A.; VIEIRA, O. A. R. P.; SILVA, O. S. G.. Participação em banca de Bruno Giovane Ferreira de Jesus.Modelagem termodinâmica iterativa a partir do software Bingo-Andidote: Unidade de Santo Antônio, Nappe de Luminárias - Faixa Brasília Meridional. 2021. Trabalho de Conclusão de Curso (Graduação em Geologia) - Universidade Estadual Paulista Júlio de Mesquita Filho."
2021,Regiane Andrade Fumes,TCC,"FUMES, R. A.; LEME, T. G.; VIEIRA, O. A. R. P.. Participação em banca de Thales Henriques Teixeira.Modelagem metamórfica de rochas de ata pressão na região de São Sebastião do Paraíso ? MG por meio de pseudosseções e química mineral. 2021. Trabalho de Conclusão de Curso (Graduação em Geologia) - Universidade Estadual Paulista Júlio de Mesquita Filho."
